file,y_true,pca_score,pca_pred,knn_score,knn_pred,svm_score,svm_pred
/Users/jc/Dropbox/dplyr-tutorial-master/GSDS/lecture_jct/lecture_slides/data/hazelnut/soundData/ToyCar/test/normal_id_02_00000000.wav,0,0.033521056,0,6.322816276550293,0,-0.9546065667220205,0
/Users/jc/Dropbox/dplyr-tutorial-master/GSDS/lecture_jct/lecture_slides/data/hazelnut/soundData/ToyCar/test/normal_id_02_00000001.wav,0,0.15158843,1,12.19491195678711,1,-0.6658597616489779,0
/Users/jc/Dropbox/dplyr-tutorial-master/GSDS/lecture_jct/lecture_slides/data/hazelnut/soundData/ToyCar/test/normal_id_02_00000002.wav,0,0.036602776,0,7.632060909271241,0,-1.6357046174765664,0
/Users/jc/Dropbox/dplyr-tutorial-master/GSDS/lecture_jct/lecture_slides/data/hazelnut/soundData/ToyCar/test/normal_id_02_00000003.wav,0,0.04207247,0,10.032593727111816,0,0.042525067595008625,1
/Users/jc/Dropbox/dplyr-tutorial-master/GSDS/lecture_jct/lecture_slides/data/hazelnut/soundData/ToyCar/test/normal_id_02_00000004.wav,0,0.046545204,0,8.349281692504883,0,-0.33180779233654967,0
/Users/jc/Dropbox/dplyr-tutorial-master/GSDS/lecture_jct/lecture_slides/data/hazelnut/soundData/ToyCar/test/normal_id_02_00000005.wav,0,0.06022704,0,7.771586322784424,0,-0.9612944657481037,0
/Users/jc/Dropbox/dplyr-tutorial-master/GSDS/lecture_jct/lecture_slides/data/hazelnut/soundData/ToyCar/test/normal_id_02_00000006.wav,0,0.04347241,0,7.0692120552062985,0,-1.1382413101328979,0
/Users/jc/Dropbox/dplyr-tutorial-master/GSDS/lecture_jct/lecture_slides/data/hazelnut/soundData/ToyCar/test/normal_id_02_00000007.wav,0,0.070060246,0,8.413916206359863,0,-0.9410711424138931,0
/Users/jc/Dropbox/dplyr-tutorial-master/GSDS/lecture_jct/lecture_slides/data/hazelnut/soundData/ToyCar/test/normal_id_02_00000008.wav,0,0.048816584,0,6.875056266784668,0,-1.0736377280557763,0
/Users/jc/Dropbox/dplyr-tutorial-master/GSDS/lecture_jct/lecture_slides/data/hazelnut/soundData/ToyCar/test/normal_id_02_00000009.wav,0,0.06812258,0,8.78960018157959,0,-0.809220227714798,0
/Users/jc/Dropbox/dplyr-tutorial-master/GSDS/lecture_jct/lecture_slides/data/hazelnut/soundData/ToyCar/test/normal_id_02_00000010.wav,0,0.051305868,0,7.7364051818847654,0,-1.685644796543877,0
/Users/jc/Dropbox/dplyr-tutorial-master/GSDS/lecture_jct/lecture_slides/data/hazelnut/soundData/ToyCar/test/normal_id_02_00000011.wav,0,0.07129224,0,8.15488405227661,0,-0.6498834448874877,0
/Users/jc/Dropbox/dplyr-tutorial-master/GSDS/lecture_jct/lecture_slides/data/hazelnut/soundData/ToyCar/test/normal_id_02_00000012.wav,0,0.05332512,0,8.463578414916991,0,-0.9950334382413732,0
/Users/jc/Dropbox/dplyr-tutorial-master/GSDS/lecture_jct/lecture_slides/data/hazelnut/soundData/ToyCar/test/normal_id_02_00000013.wav,0,0.04589951,0,8.45456838607788,0,-0.8753138903325874,0
/Users/jc/Dropbox/dplyr-tutorial-master/GSDS/lecture_jct/lecture_slides/data/hazelnut/soundData/ToyCar/test/normal_id_02_00000014.wav,0,0.038100205,0,7.6051301002502445,0,-0.5267666827540038,0
/Users/jc/Dropbox/dplyr-tutorial-master/GSDS/lecture_jct/lecture_slides/data/hazelnut/soundData/ToyCar/test/normal_id_02_00000015.wav,0,0.0651619,0,7.626660442352295,0,-0.780395629655458,0
/Users/jc/Dropbox/dplyr-tutorial-master/GSDS/lecture_jct/lecture_slides/data/hazelnut/soundData/ToyCar/test/normal_id_02_00000016.wav,0,0.04336708,0,7.966381025314331,0,-0.24340104285137798,0
/Users/jc/Dropbox/dplyr-tutorial-master/GSDS/lecture_jct/lecture_slides/data/hazelnut/soundData/ToyCar/test/normal_id_02_00000017.wav,0,0.044502445,0,6.824667930603027,0,-1.0524789168776731,0
/Users/jc/Dropbox/dplyr-tutorial-master/GSDS/lecture_jct/lecture_slides/data/hazelnut/soundData/ToyCar/test/normal_id_02_00000018.wav,0,0.042758714,0,7.545240211486816,0,-0.4996088837956023,0
/Users/jc/Dropbox/dplyr-tutorial-master/GSDS/lecture_jct/lecture_slides/data/hazelnut/soundData/ToyCar/test/normal_id_02_00000019.wav,0,0.06045477,0,9.870747566223145,0,-0.2771198199222793,0
/Users/jc/Dropbox/dplyr-tutorial-master/GSDS/lecture_jct/lecture_slides/data/hazelnut/soundData/ToyCar/test/normal_id_02_00000020.wav,0,0.039977565,0,8.984909057617188,0,-1.0182993143362875,0
/Users/jc/Dropbox/dplyr-tutorial-master/GSDS/lecture_jct/lecture_slides/data/hazelnut/soundData/ToyCar/test/normal_id_02_00000021.wav,0,0.0344592,0,6.812014102935791,0,-1.129750218142834,0
/Users/jc/Dropbox/dplyr-tutorial-master/GSDS/lecture_jct/lecture_slides/data/hazelnut/soundData/ToyCar/test/normal_id_02_00000022.wav,0,0.07864935,1,9.651620483398437,0,-0.3918331532974335,0
/Users/jc/Dropbox/dplyr-tutorial-master/GSDS/lecture_jct/lecture_slides/data/hazelnut/soundData/ToyCar/test/normal_id_02_00000023.wav,0,0.16769978,1,12.383023262023926,1,-0.1861763317939742,0
/Users/jc/Dropbox/dplyr-tutorial-master/GSDS/lecture_jct/lecture_slides/data/hazelnut/soundData/ToyCar/test/normal_id_02_00000024.wav,0,0.044644766,0,7.684464073181152,0,-0.5289222966056073,0
/Users/jc/Dropbox/dplyr-tutorial-master/GSDS/lecture_jct/lecture_slides/data/hazelnut/soundData/ToyCar/test/normal_id_02_00000025.wav,0,0.05740094,0,6.988313961029053,0,-0.7610210095786645,0
/Users/jc/Dropbox/dplyr-tutorial-master/GSDS/lecture_jct/lecture_slides/data/hazelnut/soundData/ToyCar/test/normal_id_02_00000026.wav,0,0.07490102,0,11.22947063446045,0,-0.21199314928291102,0
/Users/jc/Dropbox/dplyr-tutorial-master/GSDS/lecture_jct/lecture_slides/data/hazelnut/soundData/ToyCar/test/normal_id_02_00000027.wav,0,0.038653612,0,7.879592418670654,0,-0.48738605970531523,0
/Users/jc/Dropbox/dplyr-tutorial-master/GSDS/lecture_jct/lecture_slides/data/hazelnut/soundData/ToyCar/test/normal_id_02_00000028.wav,0,0.052648842,0,8.26974401473999,0,-1.7632994733856515,0
/Users/jc/Dropbox/dplyr-tutorial-master/GSDS/lecture_jct/lecture_slides/data/hazelnut/soundData/ToyCar/test/normal_id_02_00000029.wav,0,0.04827493,0,7.146685791015625,0,-1.3893393213871397,0
/Users/jc/Dropbox/dplyr-tutorial-master/GSDS/lecture_jct/lecture_slides/data/hazelnut/soundData/ToyCar/test/normal_id_02_00000030.wav,0,0.05877172,0,8.921423149108886,0,-0.12093604875971486,0
/Users/jc/Dropbox/dplyr-tutorial-master/GSDS/lecture_jct/lecture_slides/data/hazelnut/soundData/ToyCar/test/normal_id_02_00000031.wav,0,0.10103844,1,9.409254932403565,0,-0.9082626373317089,0
/Users/jc/Dropbox/dplyr-tutorial-master/GSDS/lecture_jct/lecture_slides/data/hazelnut/soundData/ToyCar/test/normal_id_02_00000032.wav,0,0.056417003,0,7.038879013061523,0,-0.5315222881046209,0
/Users/jc/Dropbox/dplyr-tutorial-master/GSDS/lecture_jct/lecture_slides/data/hazelnut/soundData/ToyCar/test/normal_id_02_00000033.wav,0,0.05577509,0,9.996108055114746,0,-1.4249591868991045,0
/Users/jc/Dropbox/dplyr-tutorial-master/GSDS/lecture_jct/lecture_slides/data/hazelnut/soundData/ToyCar/test/normal_id_02_00000034.wav,0,0.0425392,0,7.50330228805542,0,-0.6913121092956436,0
/Users/jc/Dropbox/dplyr-tutorial-master/GSDS/lecture_jct/lecture_slides/data/hazelnut/soundData/ToyCar/test/normal_id_02_00000035.wav,0,0.07414551,0,9.315170860290527,0,-0.9719877018035801,0
/Users/jc/Dropbox/dplyr-tutorial-master/GSDS/lecture_jct/lecture_slides/data/hazelnut/soundData/ToyCar/test/normal_id_02_00000036.wav,0,0.044866346,0,7.6054229736328125,0,-0.5439625158824235,0
/Users/jc/Dropbox/dplyr-tutorial-master/GSDS/lecture_jct/lecture_slides/data/hazelnut/soundData/ToyCar/test/normal_id_02_00000037.wav,0,0.04134097,0,7.759465217590332,0,-0.7099742419194648,0
/Users/jc/Dropbox/dplyr-tutorial-master/GSDS/lecture_jct/lecture_slides/data/hazelnut/soundData/ToyCar/test/normal_id_02_00000038.wav,0,0.064312726,0,8.610859680175782,0,-0.5242065003655352,0
/Users/jc/Dropbox/dplyr-tutorial-master/GSDS/lecture_jct/lecture_slides/data/hazelnut/soundData/ToyCar/test/normal_id_02_00000039.wav,0,0.059156865,0,9.64395523071289,0,-0.5425556302950447,0
/Users/jc/Dropbox/dplyr-tutorial-master/GSDS/lecture_jct/lecture_slides/data/hazelnut/soundData/ToyCar/test/normal_id_02_00000040.wav,0,0.038828447,0,6.8412271499633786,0,-0.5364361327013727,0
/Users/jc/Dropbox/dplyr-tutorial-master/GSDS/lecture_jct/lecture_slides/data/hazelnut/soundData/ToyCar/test/normal_id_02_00000041.wav,0,0.0791284,1,9.165370273590089,0,-0.39801252849817015,0
/Users/jc/Dropbox/dplyr-tutorial-master/GSDS/lecture_jct/lecture_slides/data/hazelnut/soundData/ToyCar/test/normal_id_02_00000042.wav,0,0.043601025,0,8.374506950378418,0,-1.2216255401801321,0
/Users/jc/Dropbox/dplyr-tutorial-master/GSDS/lecture_jct/lecture_slides/data/hazelnut/soundData/ToyCar/test/normal_id_02_00000043.wav,0,0.059272274,0,9.85520896911621,0,-0.7159848492404022,0
/Users/jc/Dropbox/dplyr-tutorial-master/GSDS/lecture_jct/lecture_slides/data/hazelnut/soundData/ToyCar/test/normal_id_02_00000044.wav,0,0.07035775,0,9.264030838012696,0,-0.3928907015264178,0
/Users/jc/Dropbox/dplyr-tutorial-master/GSDS/lecture_jct/lecture_slides/data/hazelnut/soundData/ToyCar/test/normal_id_02_00000045.wav,0,0.05718632,0,9.460581588745118,0,-0.9188564392566834,0
/Users/jc/Dropbox/dplyr-tutorial-master/GSDS/lecture_jct/lecture_slides/data/hazelnut/soundData/ToyCar/test/normal_id_02_00000046.wav,0,0.04389027,0,7.142327880859375,0,-1.3966847844497652,0
/Users/jc/Dropbox/dplyr-tutorial-master/GSDS/lecture_jct/lecture_slides/data/hazelnut/soundData/ToyCar/test/normal_id_02_00000047.wav,0,0.05942657,0,8.416088676452636,0,-1.2920675240263835,0
/Users/jc/Dropbox/dplyr-tutorial-master/GSDS/lecture_jct/lecture_slides/data/hazelnut/soundData/ToyCar/test/normal_id_02_00000048.wav,0,0.04267118,0,5.865004253387451,0,-0.7031827231324179,0
/Users/jc/Dropbox/dplyr-tutorial-master/GSDS/lecture_jct/lecture_slides/data/hazelnut/soundData/ToyCar/test/normal_id_02_00000049.wav,0,0.054939408,0,9.489602279663085,0,0.02468535869638888,1
/Users/jc/Dropbox/dplyr-tutorial-master/GSDS/lecture_jct/lecture_slides/data/hazelnut/soundData/ToyCar/test/normal_id_02_00000050.wav,0,0.040465288,0,7.526354122161865,0,-0.7672263289335124,0
/Users/jc/Dropbox/dplyr-tutorial-master/GSDS/lecture_jct/lecture_slides/data/hazelnut/soundData/ToyCar/test/normal_id_02_00000051.wav,0,0.05014445,0,7.493050575256348,0,-1.2868883763313486,0
/Users/jc/Dropbox/dplyr-tutorial-master/GSDS/lecture_jct/lecture_slides/data/hazelnut/soundData/ToyCar/test/normal_id_02_00000052.wav,0,0.059368573,0,8.564434337615968,0,-0.08496795387574174,0
/Users/jc/Dropbox/dplyr-tutorial-master/GSDS/lecture_jct/lecture_slides/data/hazelnut/soundData/ToyCar/test/normal_id_02_00000053.wav,0,0.06585198,0,10.043834686279297,0,-1.0887062464265176,0
/Users/jc/Dropbox/dplyr-tutorial-master/GSDS/lecture_jct/lecture_slides/data/hazelnut/soundData/ToyCar/test/normal_id_02_00000054.wav,0,0.0503768,0,6.843565464019775,0,-0.6337370911333284,0
/Users/jc/Dropbox/dplyr-tutorial-master/GSDS/lecture_jct/lecture_slides/data/hazelnut/soundData/ToyCar/test/normal_id_02_00000055.wav,0,0.11986235,1,12.702147293090821,1,-0.8180170808484988,0
/Users/jc/Dropbox/dplyr-tutorial-master/GSDS/lecture_jct/lecture_slides/data/hazelnut/soundData/ToyCar/test/normal_id_02_00000056.wav,0,0.08747554,1,7.39926929473877,0,-0.6752307868606895,0
/Users/jc/Dropbox/dplyr-tutorial-master/GSDS/lecture_jct/lecture_slides/data/hazelnut/soundData/ToyCar/test/normal_id_02_00000057.wav,0,0.061968252,0,8.980994701385498,0,-0.885025035186576,0
/Users/jc/Dropbox/dplyr-tutorial-master/GSDS/lecture_jct/lecture_slides/data/hazelnut/soundData/ToyCar/test/normal_id_02_00000058.wav,0,0.09945567,1,12.99506721496582,1,-0.06927437808922265,0
/Users/jc/Dropbox/dplyr-tutorial-master/GSDS/lecture_jct/lecture_slides/data/hazelnut/soundData/ToyCar/test/normal_id_02_00000059.wav,0,0.03478174,0,8.008133697509766,0,-1.2124519998883407,0
/Users/jc/Dropbox/dplyr-tutorial-master/GSDS/lecture_jct/lecture_slides/data/hazelnut/soundData/ToyCar/test/normal_id_02_00000060.wav,0,0.048876874,0,8.100597286224366,0,-1.4193947525217547,0
/Users/jc/Dropbox/dplyr-tutorial-master/GSDS/lecture_jct/lecture_slides/data/hazelnut/soundData/ToyCar/test/normal_id_02_00000061.wav,0,0.090170965,1,10.711908912658691,0,-0.3947705630346503,0
/Users/jc/Dropbox/dplyr-tutorial-master/GSDS/lecture_jct/lecture_slides/data/hazelnut/soundData/ToyCar/test/normal_id_02_00000062.wav,0,0.038398623,0,7.919279479980469,0,-1.2800278152020566,0
/Users/jc/Dropbox/dplyr-tutorial-master/GSDS/lecture_jct/lecture_slides/data/hazelnut/soundData/ToyCar/test/normal_id_02_00000063.wav,0,0.05421229,0,10.053605079650879,0,-0.5183062109321748,0
/Users/jc/Dropbox/dplyr-tutorial-master/GSDS/lecture_jct/lecture_slides/data/hazelnut/soundData/ToyCar/test/normal_id_02_00000064.wav,0,0.057233676,0,7.717281532287598,0,-0.9958421181792225,0
/Users/jc/Dropbox/dplyr-tutorial-master/GSDS/lecture_jct/lecture_slides/data/hazelnut/soundData/ToyCar/test/normal_id_02_00000065.wav,0,0.07239758,0,7.462473678588867,0,-0.711623796025636,0
/Users/jc/Dropbox/dplyr-tutorial-master/GSDS/lecture_jct/lecture_slides/data/hazelnut/soundData/ToyCar/test/normal_id_02_00000066.wav,0,0.040260628,0,7.373569774627685,0,-1.35112272635718,0
/Users/jc/Dropbox/dplyr-tutorial-master/GSDS/lecture_jct/lecture_slides/data/hazelnut/soundData/ToyCar/test/normal_id_02_00000067.wav,0,0.04570634,0,7.971228885650635,0,-1.8262286682847053,0
/Users/jc/Dropbox/dplyr-tutorial-master/GSDS/lecture_jct/lecture_slides/data/hazelnut/soundData/ToyCar/test/normal_id_02_00000068.wav,0,0.06431267,0,7.5712940216064455,0,-1.2426160734032434,0
/Users/jc/Dropbox/dplyr-tutorial-master/GSDS/lecture_jct/lecture_slides/data/hazelnut/soundData/ToyCar/test/normal_id_02_00000069.wav,0,0.062334888,0,8.452829360961914,0,-0.818248745238904,0
/Users/jc/Dropbox/dplyr-tutorial-master/GSDS/lecture_jct/lecture_slides/data/hazelnut/soundData/ToyCar/test/normal_id_02_00000070.wav,0,0.029724661,0,7.10482759475708,0,-1.140562774507674,0
/Users/jc/Dropbox/dplyr-tutorial-master/GSDS/lecture_jct/lecture_slides/data/hazelnut/soundData/ToyCar/test/normal_id_02_00000071.wav,0,0.04980959,0,7.9112138748168945,0,-0.9998171549037984,0
/Users/jc/Dropbox/dplyr-tutorial-master/GSDS/lecture_jct/lecture_slides/data/hazelnut/soundData/ToyCar/test/normal_id_02_00000072.wav,0,0.05107484,0,8.65487880706787,0,-1.2417788673305035,0
/Users/jc/Dropbox/dplyr-tutorial-master/GSDS/lecture_jct/lecture_slides/data/hazelnut/soundData/ToyCar/test/normal_id_02_00000073.wav,0,0.044137426,0,6.941160583496094,0,-0.9384636313588715,0
/Users/jc/Dropbox/dplyr-tutorial-master/GSDS/lecture_jct/lecture_slides/data/hazelnut/soundData/ToyCar/test/normal_id_02_00000074.wav,0,0.02898181,0,6.7135697364807125,0,-0.7740914277033326,0
/Users/jc/Dropbox/dplyr-tutorial-master/GSDS/lecture_jct/lecture_slides/data/hazelnut/soundData/ToyCar/test/normal_id_02_00000075.wav,0,0.05623333,0,8.681529235839843,0,-0.8128347765137409,0
/Users/jc/Dropbox/dplyr-tutorial-master/GSDS/lecture_jct/lecture_slides/data/hazelnut/soundData/ToyCar/test/normal_id_02_00000076.wav,0,0.038435157,0,7.140389156341553,0,-0.25823721959664425,0
/Users/jc/Dropbox/dplyr-tutorial-master/GSDS/lecture_jct/lecture_slides/data/hazelnut/soundData/ToyCar/test/normal_id_02_00000077.wav,0,0.06008749,0,8.087502479553223,0,-0.6925354821177256,0
/Users/jc/Dropbox/dplyr-tutorial-master/GSDS/lecture_jct/lecture_slides/data/hazelnut/soundData/ToyCar/test/normal_id_02_00000078.wav,0,0.04218405,0,7.298028755187988,0,-0.9565648478134552,0
/Users/jc/Dropbox/dplyr-tutorial-master/GSDS/lecture_jct/lecture_slides/data/hazelnut/soundData/ToyCar/test/normal_id_02_00000079.wav,0,0.029876102,0,6.691725063323974,0,-0.4482268622827954,0
/Users/jc/Dropbox/dplyr-tutorial-master/GSDS/lecture_jct/lecture_slides/data/hazelnut/soundData/ToyCar/test/normal_id_02_00000080.wav,0,0.04468013,0,7.32241849899292,0,-0.7147514969114308,0
/Users/jc/Dropbox/dplyr-tutorial-master/GSDS/lecture_jct/lecture_slides/data/hazelnut/soundData/ToyCar/test/normal_id_02_00000081.wav,0,0.045111272,0,10.273433113098145,0,-1.198924010990301,0
/Users/jc/Dropbox/dplyr-tutorial-master/GSDS/lecture_jct/lecture_slides/data/hazelnut/soundData/ToyCar/test/normal_id_02_00000082.wav,0,0.05938528,0,7.78268575668335,0,-1.261757679995462,0
/Users/jc/Dropbox/dplyr-tutorial-master/GSDS/lecture_jct/lecture_slides/data/hazelnut/soundData/ToyCar/test/normal_id_02_00000083.wav,0,0.05650489,0,8.21158046722412,0,-0.8921528738140143,0
/Users/jc/Dropbox/dplyr-tutorial-master/GSDS/lecture_jct/lecture_slides/data/hazelnut/soundData/ToyCar/test/normal_id_02_00000084.wav,0,0.060248807,0,8.399974536895751,0,-1.1297868170600385,0
/Users/jc/Dropbox/dplyr-tutorial-master/GSDS/lecture_jct/lecture_slides/data/hazelnut/soundData/ToyCar/test/normal_id_02_00000085.wav,0,0.037169427,0,6.399225330352783,0,-0.8397347704211713,0
/Users/jc/Dropbox/dplyr-tutorial-master/GSDS/lecture_jct/lecture_slides/data/hazelnut/soundData/ToyCar/test/normal_id_02_00000086.wav,0,0.031672575,0,6.920430755615234,0,-1.1034550009474007,0
/Users/jc/Dropbox/dplyr-tutorial-master/GSDS/lecture_jct/lecture_slides/data/hazelnut/soundData/ToyCar/test/normal_id_02_00000087.wav,0,0.08382557,1,10.717630958557129,0,0.30308459351824046,1
/Users/jc/Dropbox/dplyr-tutorial-master/GSDS/lecture_jct/lecture_slides/data/hazelnut/soundData/ToyCar/test/normal_id_02_00000088.wav,0,0.037326965,0,6.863960456848145,0,-1.0413213804612358,0
/Users/jc/Dropbox/dplyr-tutorial-master/GSDS/lecture_jct/lecture_slides/data/hazelnut/soundData/ToyCar/test/normal_id_02_00000089.wav,0,0.071221314,0,8.064542198181153,0,-0.6349208451157802,0
/Users/jc/Dropbox/dplyr-tutorial-master/GSDS/lecture_jct/lecture_slides/data/hazelnut/soundData/ToyCar/test/normal_id_02_00000090.wav,0,0.13613705,1,12.447875595092773,1,-0.6088617532454244,0
/Users/jc/Dropbox/dplyr-tutorial-master/GSDS/lecture_jct/lecture_slides/data/hazelnut/soundData/ToyCar/test/normal_id_02_00000091.wav,0,0.057223376,0,10.804059028625488,0,-1.0255119659438305,0
/Users/jc/Dropbox/dplyr-tutorial-master/GSDS/lecture_jct/lecture_slides/data/hazelnut/soundData/ToyCar/test/normal_id_02_00000092.wav,0,0.036151864,0,6.590643501281738,0,-1.2367499179215855,0
/Users/jc/Dropbox/dplyr-tutorial-master/GSDS/lecture_jct/lecture_slides/data/hazelnut/soundData/ToyCar/test/normal_id_02_00000093.wav,0,0.054794762,0,8.96879539489746,0,0.11998286780970702,1
/Users/jc/Dropbox/dplyr-tutorial-master/GSDS/lecture_jct/lecture_slides/data/hazelnut/soundData/ToyCar/test/normal_id_02_00000094.wav,0,0.045719124,0,9.118027687072754,0,-1.0630983726564356,0
/Users/jc/Dropbox/dplyr-tutorial-master/GSDS/lecture_jct/lecture_slides/data/hazelnut/soundData/ToyCar/test/normal_id_02_00000095.wav,0,0.05928321,0,9.139682197570801,0,-0.9006569361292076,0
/Users/jc/Dropbox/dplyr-tutorial-master/GSDS/lecture_jct/lecture_slides/data/hazelnut/soundData/ToyCar/test/normal_id_02_00000096.wav,0,0.36013895,1,13.31966781616211,1,0.5532477147143844,1
/Users/jc/Dropbox/dplyr-tutorial-master/GSDS/lecture_jct/lecture_slides/data/hazelnut/soundData/ToyCar/test/normal_id_02_00000097.wav,0,0.03997915,0,7.30432710647583,0,-0.47370342373730434,0
/Users/jc/Dropbox/dplyr-tutorial-master/GSDS/lecture_jct/lecture_slides/data/hazelnut/soundData/ToyCar/test/normal_id_02_00000098.wav,0,0.07639487,0,9.334246063232422,0,-0.7817650923370847,0
/Users/jc/Dropbox/dplyr-tutorial-master/GSDS/lecture_jct/lecture_slides/data/hazelnut/soundData/ToyCar/test/normal_id_02_00000099.wav,0,0.062330958,0,9.88983154296875,0,-0.8288426621582072,0
/Users/jc/Dropbox/dplyr-tutorial-master/GSDS/lecture_jct/lecture_slides/data/hazelnut/soundData/ToyCar/test/normal_id_02_00000100.wav,0,0.04297431,0,7.093506622314453,0,-0.6336518591289346,0
/Users/jc/Dropbox/dplyr-tutorial-master/GSDS/lecture_jct/lecture_slides/data/hazelnut/soundData/ToyCar/test/normal_id_02_00000101.wav,0,0.035486657,0,6.440317916870117,0,-0.907026129910478,0
/Users/jc/Dropbox/dplyr-tutorial-master/GSDS/lecture_jct/lecture_slides/data/hazelnut/soundData/ToyCar/test/normal_id_02_00000102.wav,0,0.045861848,0,7.383125591278076,0,-0.21650856960313014,0
/Users/jc/Dropbox/dplyr-tutorial-master/GSDS/lecture_jct/lecture_slides/data/hazelnut/soundData/ToyCar/test/normal_id_02_00000103.wav,0,0.109930895,1,13.162007141113282,1,0.10528630460969124,1
/Users/jc/Dropbox/dplyr-tutorial-master/GSDS/lecture_jct/lecture_slides/data/hazelnut/soundData/ToyCar/test/normal_id_02_00000104.wav,0,0.031763952,0,6.518787860870361,0,-1.320088000447309,0
/Users/jc/Dropbox/dplyr-tutorial-master/GSDS/lecture_jct/lecture_slides/data/hazelnut/soundData/ToyCar/test/normal_id_02_00000105.wav,0,0.051315457,0,7.629750823974609,0,-0.9903514280984602,0
/Users/jc/Dropbox/dplyr-tutorial-master/GSDS/lecture_jct/lecture_slides/data/hazelnut/soundData/ToyCar/test/normal_id_02_00000106.wav,0,0.082157075,1,9.930297088623046,0,-0.7054490825599453,0
/Users/jc/Dropbox/dplyr-tutorial-master/GSDS/lecture_jct/lecture_slides/data/hazelnut/soundData/ToyCar/test/normal_id_02_00000107.wav,0,0.04470422,0,7.751541614532471,0,-0.23432117902986782,0
/Users/jc/Dropbox/dplyr-tutorial-master/GSDS/lecture_jct/lecture_slides/data/hazelnut/soundData/ToyCar/test/normal_id_02_00000108.wav,0,0.06118298,0,7.7486179828643795,0,-0.6767054568277198,0
/Users/jc/Dropbox/dplyr-tutorial-master/GSDS/lecture_jct/lecture_slides/data/hazelnut/soundData/ToyCar/test/normal_id_02_00000109.wav,0,0.038200226,0,7.3100227355957035,0,-0.35788299099859877,0
/Users/jc/Dropbox/dplyr-tutorial-master/GSDS/lecture_jct/lecture_slides/data/hazelnut/soundData/ToyCar/test/normal_id_02_00000110.wav,0,0.042304035,0,6.930502414703369,0,-0.9060086084086727,0
/Users/jc/Dropbox/dplyr-tutorial-master/GSDS/lecture_jct/lecture_slides/data/hazelnut/soundData/ToyCar/test/normal_id_02_00000111.wav,0,0.10937116,1,11.736951065063476,1,-0.06179740141973422,0
/Users/jc/Dropbox/dplyr-tutorial-master/GSDS/lecture_jct/lecture_slides/data/hazelnut/soundData/ToyCar/test/normal_id_02_00000112.wav,0,0.0788507,1,11.078482627868652,0,-0.33955775319001535,0
/Users/jc/Dropbox/dplyr-tutorial-master/GSDS/lecture_jct/lecture_slides/data/hazelnut/soundData/ToyCar/test/normal_id_02_00000113.wav,0,0.05904738,0,10.060561752319336,0,-0.1882082229855122,0
/Users/jc/Dropbox/dplyr-tutorial-master/GSDS/lecture_jct/lecture_slides/data/hazelnut/soundData/ToyCar/test/normal_id_02_00000114.wav,0,0.0404969,0,7.150823783874512,0,-1.3125442821450992,0
/Users/jc/Dropbox/dplyr-tutorial-master/GSDS/lecture_jct/lecture_slides/data/hazelnut/soundData/ToyCar/test/normal_id_02_00000115.wav,0,0.055913206,0,8.749608421325684,0,-0.9323193290439011,0
/Users/jc/Dropbox/dplyr-tutorial-master/GSDS/lecture_jct/lecture_slides/data/hazelnut/soundData/ToyCar/test/normal_id_02_00000116.wav,0,0.033588942,0,6.681910419464112,0,-1.2726161440826624,0
/Users/jc/Dropbox/dplyr-tutorial-master/GSDS/lecture_jct/lecture_slides/data/hazelnut/soundData/ToyCar/test/normal_id_02_00000117.wav,0,0.03766166,0,6.344290924072266,0,-1.2956002912646927,0
/Users/jc/Dropbox/dplyr-tutorial-master/GSDS/lecture_jct/lecture_slides/data/hazelnut/soundData/ToyCar/test/normal_id_02_00000118.wav,0,0.06297849,0,8.989649963378906,0,-0.20322605246467162,0
/Users/jc/Dropbox/dplyr-tutorial-master/GSDS/lecture_jct/lecture_slides/data/hazelnut/soundData/ToyCar/test/normal_id_02_00000119.wav,0,0.048002705,0,8.051041412353516,0,-0.9873663090903282,0
/Users/jc/Dropbox/dplyr-tutorial-master/GSDS/lecture_jct/lecture_slides/data/hazelnut/soundData/ToyCar/test/normal_id_02_00000120.wav,0,0.09901278,1,10.666723251342773,0,-0.14143951353446838,0
/Users/jc/Dropbox/dplyr-tutorial-master/GSDS/lecture_jct/lecture_slides/data/hazelnut/soundData/ToyCar/test/normal_id_02_00000121.wav,0,0.044631615,0,8.008884620666503,0,-0.650631197090461,0
/Users/jc/Dropbox/dplyr-tutorial-master/GSDS/lecture_jct/lecture_slides/data/hazelnut/soundData/ToyCar/test/normal_id_02_00000122.wav,0,0.09220101,1,10.426558113098144,0,-0.39323202000490376,0
/Users/jc/Dropbox/dplyr-tutorial-master/GSDS/lecture_jct/lecture_slides/data/hazelnut/soundData/ToyCar/test/normal_id_02_00000123.wav,0,0.06213836,0,8.961402797698975,0,0.22417790354826117,1
/Users/jc/Dropbox/dplyr-tutorial-master/GSDS/lecture_jct/lecture_slides/data/hazelnut/soundData/ToyCar/test/normal_id_02_00000124.wav,0,0.039833434,0,8.56283016204834,0,-0.7923627146485268,0
/Users/jc/Dropbox/dplyr-tutorial-master/GSDS/lecture_jct/lecture_slides/data/hazelnut/soundData/ToyCar/test/normal_id_02_00000125.wav,0,0.03226863,0,7.794142055511474,0,-0.6755469272991643,0
/Users/jc/Dropbox/dplyr-tutorial-master/GSDS/lecture_jct/lecture_slides/data/hazelnut/soundData/ToyCar/test/normal_id_02_00000126.wav,0,0.048038423,0,10.203241634368897,0,0.6583166471117332,1
/Users/jc/Dropbox/dplyr-tutorial-master/GSDS/lecture_jct/lecture_slides/data/hazelnut/soundData/ToyCar/test/normal_id_02_00000127.wav,0,0.08869587,1,8.235737228393555,0,-0.9084993843490325,0
/Users/jc/Dropbox/dplyr-tutorial-master/GSDS/lecture_jct/lecture_slides/data/hazelnut/soundData/ToyCar/test/normal_id_02_00000128.wav,0,0.05207497,0,9.000900840759277,0,-0.5414197115363395,0
/Users/jc/Dropbox/dplyr-tutorial-master/GSDS/lecture_jct/lecture_slides/data/hazelnut/soundData/ToyCar/test/normal_id_02_00000129.wav,0,0.041132048,0,6.6463244438171385,0,-0.9171479909035138,0
/Users/jc/Dropbox/dplyr-tutorial-master/GSDS/lecture_jct/lecture_slides/data/hazelnut/soundData/ToyCar/test/normal_id_02_00000130.wav,0,0.0441007,0,7.813199901580811,0,-0.41962156539565587,0
/Users/jc/Dropbox/dplyr-tutorial-master/GSDS/lecture_jct/lecture_slides/data/hazelnut/soundData/ToyCar/test/normal_id_02_00000131.wav,0,0.03630685,0,8.730712127685546,0,-0.37064076397506085,0
/Users/jc/Dropbox/dplyr-tutorial-master/GSDS/lecture_jct/lecture_slides/data/hazelnut/soundData/ToyCar/test/normal_id_02_00000132.wav,0,0.05303335,0,9.270548725128174,0,-1.2336136017171322,0
/Users/jc/Dropbox/dplyr-tutorial-master/GSDS/lecture_jct/lecture_slides/data/hazelnut/soundData/ToyCar/test/normal_id_02_00000133.wav,0,0.102167234,1,11.721573448181152,1,-1.6942484024482773,0
/Users/jc/Dropbox/dplyr-tutorial-master/GSDS/lecture_jct/lecture_slides/data/hazelnut/soundData/ToyCar/test/normal_id_02_00000134.wav,0,0.040341895,0,7.130517482757568,0,-1.6879473999111339,0
/Users/jc/Dropbox/dplyr-tutorial-master/GSDS/lecture_jct/lecture_slides/data/hazelnut/soundData/ToyCar/test/normal_id_02_00000135.wav,0,0.06928321,0,11.668486213684082,0,-0.15670727420141972,0
/Users/jc/Dropbox/dplyr-tutorial-master/GSDS/lecture_jct/lecture_slides/data/hazelnut/soundData/ToyCar/test/normal_id_02_00000136.wav,0,0.077715546,0,10.20446138381958,0,-0.47179122982312993,0
/Users/jc/Dropbox/dplyr-tutorial-master/GSDS/lecture_jct/lecture_slides/data/hazelnut/soundData/ToyCar/test/normal_id_02_00000137.wav,0,0.047934078,0,10.099052047729492,0,-0.273998804709052,0
/Users/jc/Dropbox/dplyr-tutorial-master/GSDS/lecture_jct/lecture_slides/data/hazelnut/soundData/ToyCar/test/normal_id_02_00000138.wav,0,0.037915736,0,6.623518753051758,0,-1.3440985057686694,0
/Users/jc/Dropbox/dplyr-tutorial-master/GSDS/lecture_jct/lecture_slides/data/hazelnut/soundData/ToyCar/test/normal_id_02_00000139.wav,0,0.05935909,0,8.28654499053955,0,-0.7975054312890508,0
/Users/jc/Dropbox/dplyr-tutorial-master/GSDS/lecture_jct/lecture_slides/data/hazelnut/soundData/ToyCar/test/normal_id_02_00000140.wav,0,0.06394155,0,9.636858367919922,0,-0.9249201071832909,0
/Users/jc/Dropbox/dplyr-tutorial-master/GSDS/lecture_jct/lecture_slides/data/hazelnut/soundData/ToyCar/test/normal_id_02_00000141.wav,0,0.07961531,1,10.027631378173828,0,-0.5705650588691835,0
/Users/jc/Dropbox/dplyr-tutorial-master/GSDS/lecture_jct/lecture_slides/data/hazelnut/soundData/ToyCar/test/normal_id_02_00000142.wav,0,0.045553505,0,7.608454799652099,0,-1.2362852021833568,0
/Users/jc/Dropbox/dplyr-tutorial-master/GSDS/lecture_jct/lecture_slides/data/hazelnut/soundData/ToyCar/test/normal_id_02_00000143.wav,0,0.043848332,0,7.808911991119385,0,-0.8279817331870349,0
/Users/jc/Dropbox/dplyr-tutorial-master/GSDS/lecture_jct/lecture_slides/data/hazelnut/soundData/ToyCar/test/normal_id_02_00000144.wav,0,0.043080084,0,8.272064208984375,0,-0.7821761399451974,0
/Users/jc/Dropbox/dplyr-tutorial-master/GSDS/lecture_jct/lecture_slides/data/hazelnut/soundData/ToyCar/test/normal_id_02_00000145.wav,0,0.06725465,0,11.47344970703125,0,-1.0350681939201483,0
/Users/jc/Dropbox/dplyr-tutorial-master/GSDS/lecture_jct/lecture_slides/data/hazelnut/soundData/ToyCar/test/normal_id_02_00000146.wav,0,0.064579874,0,8.759875679016114,0,-0.6960466516156494,0
/Users/jc/Dropbox/dplyr-tutorial-master/GSDS/lecture_jct/lecture_slides/data/hazelnut/soundData/ToyCar/test/normal_id_02_00000147.wav,0,0.051325038,0,6.621687316894532,0,-1.3386875925649404,0
/Users/jc/Dropbox/dplyr-tutorial-master/GSDS/lecture_jct/lecture_slides/data/hazelnut/soundData/ToyCar/test/normal_id_02_00000148.wav,0,0.11509898,1,11.483030319213867,0,0.45181683618321244,1
/Users/jc/Dropbox/dplyr-tutorial-master/GSDS/lecture_jct/lecture_slides/data/hazelnut/soundData/ToyCar/test/normal_id_02_00000149.wav,0,0.06813967,0,8.59204740524292,0,-0.5472487436096065,0
/Users/jc/Dropbox/dplyr-tutorial-master/GSDS/lecture_jct/lecture_slides/data/hazelnut/soundData/ToyCar/test/normal_id_02_00000150.wav,0,0.04272174,0,7.928109645843506,0,-0.9289217224936603,0
/Users/jc/Dropbox/dplyr-tutorial-master/GSDS/lecture_jct/lecture_slides/data/hazelnut/soundData/ToyCar/test/normal_id_02_00000151.wav,0,0.052899923,0,9.246746444702149,0,-0.9207312695751995,0
/Users/jc/Dropbox/dplyr-tutorial-master/GSDS/lecture_jct/lecture_slides/data/hazelnut/soundData/ToyCar/test/normal_id_02_00000152.wav,0,0.028929913,0,6.917471313476563,0,-1.1107605557582376,0
/Users/jc/Dropbox/dplyr-tutorial-master/GSDS/lecture_jct/lecture_slides/data/hazelnut/soundData/ToyCar/test/normal_id_02_00000153.wav,0,0.05908402,0,8.931959915161134,0,-1.0153786465559058,0
/Users/jc/Dropbox/dplyr-tutorial-master/GSDS/lecture_jct/lecture_slides/data/hazelnut/soundData/ToyCar/test/normal_id_02_00000154.wav,0,0.10449723,1,11.362757110595703,0,0.04156852806779643,1
/Users/jc/Dropbox/dplyr-tutorial-master/GSDS/lecture_jct/lecture_slides/data/hazelnut/soundData/ToyCar/test/normal_id_02_00000155.wav,0,0.032064673,0,6.121989631652832,0,-1.1785009132398425,0
/Users/jc/Dropbox/dplyr-tutorial-master/GSDS/lecture_jct/lecture_slides/data/hazelnut/soundData/ToyCar/test/normal_id_02_00000156.wav,0,0.04561376,0,7.872943973541259,0,-0.6142923689749251,0
/Users/jc/Dropbox/dplyr-tutorial-master/GSDS/lecture_jct/lecture_slides/data/hazelnut/soundData/ToyCar/test/normal_id_02_00000157.wav,0,0.04052291,0,6.734446811676025,0,-0.8009730004348485,0
/Users/jc/Dropbox/dplyr-tutorial-master/GSDS/lecture_jct/lecture_slides/data/hazelnut/soundData/ToyCar/test/normal_id_02_00000158.wav,0,0.057056617,0,7.852805423736572,0,-0.5813555437144879,0
/Users/jc/Dropbox/dplyr-tutorial-master/GSDS/lecture_jct/lecture_slides/data/hazelnut/soundData/ToyCar/test/normal_id_02_00000159.wav,0,0.043452878,0,6.415251064300537,0,-0.9347617875129686,0
/Users/jc/Dropbox/dplyr-tutorial-master/GSDS/lecture_jct/lecture_slides/data/hazelnut/soundData/ToyCar/test/normal_id_02_00000160.wav,0,0.029504247,0,7.233099937438965,0,-0.23394228540571405,0
/Users/jc/Dropbox/dplyr-tutorial-master/GSDS/lecture_jct/lecture_slides/data/hazelnut/soundData/ToyCar/test/normal_id_02_00000161.wav,0,0.07029591,0,9.72395725250244,0,-0.32447640438833325,0
/Users/jc/Dropbox/dplyr-tutorial-master/GSDS/lecture_jct/lecture_slides/data/hazelnut/soundData/ToyCar/test/normal_id_02_00000162.wav,0,0.044941083,0,9.47210865020752,0,-0.5295734624609505,0
/Users/jc/Dropbox/dplyr-tutorial-master/GSDS/lecture_jct/lecture_slides/data/hazelnut/soundData/ToyCar/test/normal_id_02_00000163.wav,0,0.042563315,0,7.575261974334717,0,-0.4736883411197246,0
/Users/jc/Dropbox/dplyr-tutorial-master/GSDS/lecture_jct/lecture_slides/data/hazelnut/soundData/ToyCar/test/normal_id_02_00000164.wav,0,0.035213985,0,6.161802291870117,0,-1.1641689844668113,0
/Users/jc/Dropbox/dplyr-tutorial-master/GSDS/lecture_jct/lecture_slides/data/hazelnut/soundData/ToyCar/test/normal_id_02_00000165.wav,0,0.04983253,0,8.306881332397461,0,-0.1368155656496688,0
/Users/jc/Dropbox/dplyr-tutorial-master/GSDS/lecture_jct/lecture_slides/data/hazelnut/soundData/ToyCar/test/normal_id_02_00000166.wav,0,0.101410724,1,9.035465240478516,0,-0.5693866662673042,0
/Users/jc/Dropbox/dplyr-tutorial-master/GSDS/lecture_jct/lecture_slides/data/hazelnut/soundData/ToyCar/test/normal_id_02_00000167.wav,0,0.044966303,0,8.295269393920899,0,-0.19974588609994814,0
/Users/jc/Dropbox/dplyr-tutorial-master/GSDS/lecture_jct/lecture_slides/data/hazelnut/soundData/ToyCar/test/normal_id_02_00000168.wav,0,0.052617393,0,9.591262817382812,0,-1.8703797210334168,0
/Users/jc/Dropbox/dplyr-tutorial-master/GSDS/lecture_jct/lecture_slides/data/hazelnut/soundData/ToyCar/test/normal_id_02_00000169.wav,0,0.03658756,0,6.74122314453125,0,-1.2082963560826556,0
/Users/jc/Dropbox/dplyr-tutorial-master/GSDS/lecture_jct/lecture_slides/data/hazelnut/soundData/ToyCar/test/normal_id_02_00000170.wav,0,0.051007304,0,8.152248859405518,0,-1.088516278932043,0
/Users/jc/Dropbox/dplyr-tutorial-master/GSDS/lecture_jct/lecture_slides/data/hazelnut/soundData/ToyCar/test/normal_id_02_00000171.wav,0,0.080706365,1,10.151055335998535,0,-0.22390179334502136,0
/Users/jc/Dropbox/dplyr-tutorial-master/GSDS/lecture_jct/lecture_slides/data/hazelnut/soundData/ToyCar/test/normal_id_02_00000172.wav,0,0.061698925,0,9.355437850952148,0,-0.3948937395940302,0
/Users/jc/Dropbox/dplyr-tutorial-master/GSDS/lecture_jct/lecture_slides/data/hazelnut/soundData/ToyCar/test/normal_id_02_00000173.wav,0,0.040326968,0,6.9784198760986325,0,-1.1264950769095377,0
/Users/jc/Dropbox/dplyr-tutorial-master/GSDS/lecture_jct/lecture_slides/data/hazelnut/soundData/ToyCar/test/normal_id_02_00000174.wav,0,0.048881404,0,8.27654800415039,0,-0.8311649942463175,0
/Users/jc/Dropbox/dplyr-tutorial-master/GSDS/lecture_jct/lecture_slides/data/hazelnut/soundData/ToyCar/test/normal_id_02_00000175.wav,0,0.0421032,0,7.905228900909424,0,-1.4189667672463964,0
/Users/jc/Dropbox/dplyr-tutorial-master/GSDS/lecture_jct/lecture_slides/data/hazelnut/soundData/ToyCar/test/normal_id_02_00000176.wav,0,0.042695608,0,6.715764808654785,0,-1.3849681289371532,0
/Users/jc/Dropbox/dplyr-tutorial-master/GSDS/lecture_jct/lecture_slides/data/hazelnut/soundData/ToyCar/test/normal_id_02_00000177.wav,0,0.03989467,0,6.794747447967529,0,-0.36705668923436363,0
/Users/jc/Dropbox/dplyr-tutorial-master/GSDS/lecture_jct/lecture_slides/data/hazelnut/soundData/ToyCar/test/normal_id_02_00000178.wav,0,0.04728507,0,6.85208215713501,0,-0.8790902936946416,0
/Users/jc/Dropbox/dplyr-tutorial-master/GSDS/lecture_jct/lecture_slides/data/hazelnut/soundData/ToyCar/test/normal_id_02_00000179.wav,0,0.06815853,0,9.334726905822754,0,-0.5929715190527398,0
/Users/jc/Dropbox/dplyr-tutorial-master/GSDS/lecture_jct/lecture_slides/data/hazelnut/soundData/ToyCar/test/normal_id_02_00000180.wav,0,0.04648269,0,8.174359321594238,0,-0.8359910774388135,0
/Users/jc/Dropbox/dplyr-tutorial-master/GSDS/lecture_jct/lecture_slides/data/hazelnut/soundData/ToyCar/test/normal_id_02_00000181.wav,0,0.051866822,0,8.047497749328613,0,-0.8411663790043269,0
/Users/jc/Dropbox/dplyr-tutorial-master/GSDS/lecture_jct/lecture_slides/data/hazelnut/soundData/ToyCar/test/normal_id_02_00000182.wav,0,0.07128194,0,9.348494720458984,0,-0.3039837660412106,0
/Users/jc/Dropbox/dplyr-tutorial-master/GSDS/lecture_jct/lecture_slides/data/hazelnut/soundData/ToyCar/test/normal_id_02_00000183.wav,0,0.03975057,0,7.288712882995606,0,-1.282497097032036,0
/Users/jc/Dropbox/dplyr-tutorial-master/GSDS/lecture_jct/lecture_slides/data/hazelnut/soundData/ToyCar/test/normal_id_02_00000184.wav,0,0.044758953,0,6.540001583099365,0,-1.366720603211248,0
/Users/jc/Dropbox/dplyr-tutorial-master/GSDS/lecture_jct/lecture_slides/data/hazelnut/soundData/ToyCar/test/normal_id_02_00000185.wav,0,0.051475123,0,8.876089382171632,0,-0.7028573950692669,0
/Users/jc/Dropbox/dplyr-tutorial-master/GSDS/lecture_jct/lecture_slides/data/hazelnut/soundData/ToyCar/test/normal_id_02_00000186.wav,0,0.05572226,0,8.105225849151612,0,-0.5352680288111937,0
/Users/jc/Dropbox/dplyr-tutorial-master/GSDS/lecture_jct/lecture_slides/data/hazelnut/soundData/ToyCar/test/normal_id_02_00000187.wav,0,0.056509294,0,9.76114616394043,0,-0.2494708249055071,0
/Users/jc/Dropbox/dplyr-tutorial-master/GSDS/lecture_jct/lecture_slides/data/hazelnut/soundData/ToyCar/test/normal_id_02_00000188.wav,0,0.069132015,0,9.168086624145507,0,-0.9818127342010987,0
/Users/jc/Dropbox/dplyr-tutorial-master/GSDS/lecture_jct/lecture_slides/data/hazelnut/soundData/ToyCar/test/normal_id_02_00000189.wav,0,0.02841376,0,6.762038135528565,0,-0.9976937032310325,0
/Users/jc/Dropbox/dplyr-tutorial-master/GSDS/lecture_jct/lecture_slides/data/hazelnut/soundData/ToyCar/test/normal_id_02_00000190.wav,0,0.06217615,0,7.241578197479248,0,-1.5535808507718336,0
/Users/jc/Dropbox/dplyr-tutorial-master/GSDS/lecture_jct/lecture_slides/data/hazelnut/soundData/ToyCar/test/normal_id_02_00000191.wav,0,0.08895925,1,9.934444808959961,0,-0.36556720694262523,0
/Users/jc/Dropbox/dplyr-tutorial-master/GSDS/lecture_jct/lecture_slides/data/hazelnut/soundData/ToyCar/test/normal_id_02_00000192.wav,0,0.04574452,0,6.03745288848877,0,-0.8656528218967727,0
/Users/jc/Dropbox/dplyr-tutorial-master/GSDS/lecture_jct/lecture_slides/data/hazelnut/soundData/ToyCar/test/normal_id_02_00000193.wav,0,0.04120699,0,8.35627269744873,0,-0.968939086465415,0
/Users/jc/Dropbox/dplyr-tutorial-master/GSDS/lecture_jct/lecture_slides/data/hazelnut/soundData/ToyCar/test/normal_id_02_00000194.wav,0,0.08117333,1,9.468945121765136,0,-0.7775206447534044,0
/Users/jc/Dropbox/dplyr-tutorial-master/GSDS/lecture_jct/lecture_slides/data/hazelnut/soundData/ToyCar/test/normal_id_02_00000195.wav,0,0.07018407,0,8.166154670715333,0,-0.736059632509944,0
/Users/jc/Dropbox/dplyr-tutorial-master/GSDS/lecture_jct/lecture_slides/data/hazelnut/soundData/ToyCar/test/normal_id_02_00000196.wav,0,0.043622486,0,8.090092182159424,0,-0.464296641817028,0
/Users/jc/Dropbox/dplyr-tutorial-master/GSDS/lecture_jct/lecture_slides/data/hazelnut/soundData/ToyCar/test/normal_id_02_00000197.wav,0,0.14669971,1,11.661954498291015,0,0.6467812778769053,1
/Users/jc/Dropbox/dplyr-tutorial-master/GSDS/lecture_jct/lecture_slides/data/hazelnut/soundData/ToyCar/test/normal_id_02_00000198.wav,0,0.04544386,0,6.276759624481201,0,-1.4567894134388846,0
/Users/jc/Dropbox/dplyr-tutorial-master/GSDS/lecture_jct/lecture_slides/data/hazelnut/soundData/ToyCar/test/normal_id_02_00000199.wav,0,0.041268624,0,7.130054759979248,0,-0.35665445032211895,0
/Users/jc/Dropbox/dplyr-tutorial-master/GSDS/lecture_jct/lecture_slides/data/hazelnut/soundData/ToyCar/test/normal_id_02_00000200.wav,0,0.06616858,0,11.524151611328126,0,-0.1172737973590472,0
/Users/jc/Dropbox/dplyr-tutorial-master/GSDS/lecture_jct/lecture_slides/data/hazelnut/soundData/ToyCar/test/normal_id_02_00000201.wav,0,0.056132767,0,5.588744497299194,0,-0.5989103628659116,0
/Users/jc/Dropbox/dplyr-tutorial-master/GSDS/lecture_jct/lecture_slides/data/hazelnut/soundData/ToyCar/test/normal_id_02_00000202.wav,0,0.06056049,0,7.608905410766601,0,-1.265245709172648,0
/Users/jc/Dropbox/dplyr-tutorial-master/GSDS/lecture_jct/lecture_slides/data/hazelnut/soundData/ToyCar/test/normal_id_02_00000203.wav,0,0.040546965,0,7.205333709716797,0,-0.517476662460643,0
/Users/jc/Dropbox/dplyr-tutorial-master/GSDS/lecture_jct/lecture_slides/data/hazelnut/soundData/ToyCar/test/normal_id_02_00000204.wav,0,0.03750328,0,7.084213161468506,0,-0.8582247087020303,0
/Users/jc/Dropbox/dplyr-tutorial-master/GSDS/lecture_jct/lecture_slides/data/hazelnut/soundData/ToyCar/test/normal_id_02_00000205.wav,0,0.08203015,1,7.9561995506286625,0,-1.2265733984318379,0
/Users/jc/Dropbox/dplyr-tutorial-master/GSDS/lecture_jct/lecture_slides/data/hazelnut/soundData/ToyCar/test/normal_id_02_00000206.wav,0,0.06687493,0,9.11618938446045,0,-0.78110044869499,0
/Users/jc/Dropbox/dplyr-tutorial-master/GSDS/lecture_jct/lecture_slides/data/hazelnut/soundData/ToyCar/test/normal_id_02_00000207.wav,0,0.08792669,1,10.315908241271973,0,-0.5992240249883736,0
/Users/jc/Dropbox/dplyr-tutorial-master/GSDS/lecture_jct/lecture_slides/data/hazelnut/soundData/ToyCar/test/normal_id_02_00000208.wav,0,0.06446521,0,7.118856811523438,0,-0.9413176923829196,0
/Users/jc/Dropbox/dplyr-tutorial-master/GSDS/lecture_jct/lecture_slides/data/hazelnut/soundData/ToyCar/test/normal_id_02_00000209.wav,0,0.045858156,0,7.682873153686524,0,-1.558718799429255,0
/Users/jc/Dropbox/dplyr-tutorial-master/GSDS/lecture_jct/lecture_slides/data/hazelnut/soundData/ToyCar/test/normal_id_02_00000210.wav,0,0.03429648,0,6.09833173751831,0,-1.1725750143922138,0
/Users/jc/Dropbox/dplyr-tutorial-master/GSDS/lecture_jct/lecture_slides/data/hazelnut/soundData/ToyCar/test/normal_id_02_00000211.wav,0,0.045348104,0,6.5422650337219235,0,-1.173207548994931,0
/Users/jc/Dropbox/dplyr-tutorial-master/GSDS/lecture_jct/lecture_slides/data/hazelnut/soundData/ToyCar/test/normal_id_02_00000212.wav,0,0.048876107,0,8.169424057006836,0,-0.6465731766682676,0
/Users/jc/Dropbox/dplyr-tutorial-master/GSDS/lecture_jct/lecture_slides/data/hazelnut/soundData/ToyCar/test/normal_id_02_00000213.wav,0,0.0674129,0,9.368341064453125,0,-0.468817413227149,0
/Users/jc/Dropbox/dplyr-tutorial-master/GSDS/lecture_jct/lecture_slides/data/hazelnut/soundData/ToyCar/test/normal_id_02_00000214.wav,0,0.25434625,1,14.014046669006348,1,0.4148599211495214,1
/Users/jc/Dropbox/dplyr-tutorial-master/GSDS/lecture_jct/lecture_slides/data/hazelnut/soundData/ToyCar/test/normal_id_02_00000215.wav,0,0.037606336,0,7.306804084777832,0,-0.813009075443409,0
/Users/jc/Dropbox/dplyr-tutorial-master/GSDS/lecture_jct/lecture_slides/data/hazelnut/soundData/ToyCar/test/normal_id_02_00000216.wav,0,0.044549845,0,8.199081993103027,0,-0.884740541645324,0
/Users/jc/Dropbox/dplyr-tutorial-master/GSDS/lecture_jct/lecture_slides/data/hazelnut/soundData/ToyCar/test/normal_id_02_00000217.wav,0,0.072279856,0,10.436624908447266,0,-0.1113694976122872,0
/Users/jc/Dropbox/dplyr-tutorial-master/GSDS/lecture_jct/lecture_slides/data/hazelnut/soundData/ToyCar/test/normal_id_02_00000218.wav,0,0.046882316,0,8.335049819946288,0,-1.1020654698773145,0
/Users/jc/Dropbox/dplyr-tutorial-master/GSDS/lecture_jct/lecture_slides/data/hazelnut/soundData/ToyCar/test/normal_id_02_00000219.wav,0,0.0832385,1,11.009680938720702,0,0.12270788543133682,1
/Users/jc/Dropbox/dplyr-tutorial-master/GSDS/lecture_jct/lecture_slides/data/hazelnut/soundData/ToyCar/test/normal_id_02_00000220.wav,0,0.063076146,0,8.114033031463624,0,-0.9393406425353712,0
/Users/jc/Dropbox/dplyr-tutorial-master/GSDS/lecture_jct/lecture_slides/data/hazelnut/soundData/ToyCar/test/normal_id_02_00000221.wav,0,0.04267674,0,7.342270278930664,0,-0.7511660979056192,0
/Users/jc/Dropbox/dplyr-tutorial-master/GSDS/lecture_jct/lecture_slides/data/hazelnut/soundData/ToyCar/test/normal_id_02_00000222.wav,0,0.07570135,0,9.27077579498291,0,-0.5485205697806803,0
/Users/jc/Dropbox/dplyr-tutorial-master/GSDS/lecture_jct/lecture_slides/data/hazelnut/soundData/ToyCar/test/normal_id_02_00000223.wav,0,0.03503999,0,6.454707527160645,0,-1.192483528946025,0
/Users/jc/Dropbox/dplyr-tutorial-master/GSDS/lecture_jct/lecture_slides/data/hazelnut/soundData/ToyCar/test/normal_id_02_00000224.wav,0,0.045921024,0,8.01854944229126,0,-0.8924559763280513,0
/Users/jc/Dropbox/dplyr-tutorial-master/GSDS/lecture_jct/lecture_slides/data/hazelnut/soundData/ToyCar/test/normal_id_02_00000225.wav,0,0.08804172,1,11.307083702087402,0,-0.48283455533867947,0
/Users/jc/Dropbox/dplyr-tutorial-master/GSDS/lecture_jct/lecture_slides/data/hazelnut/soundData/ToyCar/test/normal_id_02_00000226.wav,0,0.05541436,0,7.509465122222901,0,-0.9632858442958154,0
/Users/jc/Dropbox/dplyr-tutorial-master/GSDS/lecture_jct/lecture_slides/data/hazelnut/soundData/ToyCar/test/normal_id_02_00000227.wav,0,0.03904164,0,6.4628825187683105,0,-1.2073745906779365,0
/Users/jc/Dropbox/dplyr-tutorial-master/GSDS/lecture_jct/lecture_slides/data/hazelnut/soundData/ToyCar/test/normal_id_02_00000228.wav,0,0.03274273,0,7.259174442291259,0,-1.239504258643552,0
/Users/jc/Dropbox/dplyr-tutorial-master/GSDS/lecture_jct/lecture_slides/data/hazelnut/soundData/ToyCar/test/normal_id_02_00000229.wav,0,0.038923178,0,8.214274311065674,0,-1.6996136803826722,0
/Users/jc/Dropbox/dplyr-tutorial-master/GSDS/lecture_jct/lecture_slides/data/hazelnut/soundData/ToyCar/test/normal_id_02_00000230.wav,0,0.040625602,0,7.8560107231140135,0,-0.9718230510367079,0
/Users/jc/Dropbox/dplyr-tutorial-master/GSDS/lecture_jct/lecture_slides/data/hazelnut/soundData/ToyCar/test/normal_id_02_00000231.wav,0,0.033818923,0,7.012347602844239,0,-0.7981524609932125,0
/Users/jc/Dropbox/dplyr-tutorial-master/GSDS/lecture_jct/lecture_slides/data/hazelnut/soundData/ToyCar/test/normal_id_02_00000232.wav,0,0.04084616,0,8.032051944732666,0,-0.7664243961621668,0
/Users/jc/Dropbox/dplyr-tutorial-master/GSDS/lecture_jct/lecture_slides/data/hazelnut/soundData/ToyCar/test/normal_id_02_00000233.wav,0,0.04837961,0,7.7751367568969725,0,-0.7617613644226671,0
/Users/jc/Dropbox/dplyr-tutorial-master/GSDS/lecture_jct/lecture_slides/data/hazelnut/soundData/ToyCar/test/normal_id_02_00000234.wav,0,0.057311993,0,7.755527496337891,0,-0.9047998538055131,0
/Users/jc/Dropbox/dplyr-tutorial-master/GSDS/lecture_jct/lecture_slides/data/hazelnut/soundData/ToyCar/test/normal_id_02_00000235.wav,0,0.054219395,0,10.585098838806152,0,-1.2929011007395133,0
/Users/jc/Dropbox/dplyr-tutorial-master/GSDS/lecture_jct/lecture_slides/data/hazelnut/soundData/ToyCar/test/normal_id_02_00000236.wav,0,0.04627399,0,6.953020191192627,0,-1.0056655224520936,0
/Users/jc/Dropbox/dplyr-tutorial-master/GSDS/lecture_jct/lecture_slides/data/hazelnut/soundData/ToyCar/test/normal_id_02_00000237.wav,0,0.044664025,0,8.198480129241943,0,-1.3292294757422614,0
/Users/jc/Dropbox/dplyr-tutorial-master/GSDS/lecture_jct/lecture_slides/data/hazelnut/soundData/ToyCar/test/normal_id_02_00000238.wav,0,0.050344013,0,7.80433931350708,0,-1.8273600613506522,0
/Users/jc/Dropbox/dplyr-tutorial-master/GSDS/lecture_jct/lecture_slides/data/hazelnut/soundData/ToyCar/test/normal_id_02_00000239.wav,0,0.06576726,0,10.678757858276366,0,0.20006209752848658,1
/Users/jc/Dropbox/dplyr-tutorial-master/GSDS/lecture_jct/lecture_slides/data/hazelnut/soundData/ToyCar/test/normal_id_02_00000240.wav,0,0.107340515,1,11.965321350097657,1,-0.6424462025494933,0
/Users/jc/Dropbox/dplyr-tutorial-master/GSDS/lecture_jct/lecture_slides/data/hazelnut/soundData/ToyCar/test/normal_id_02_00000241.wav,0,0.055895843,0,8.037582302093506,0,-0.869899771511621,0
/Users/jc/Dropbox/dplyr-tutorial-master/GSDS/lecture_jct/lecture_slides/data/hazelnut/soundData/ToyCar/test/normal_id_02_00000242.wav,0,0.050975546,0,7.899882698059082,0,-0.059425708246288345,0
/Users/jc/Dropbox/dplyr-tutorial-master/GSDS/lecture_jct/lecture_slides/data/hazelnut/soundData/ToyCar/test/normal_id_02_00000243.wav,0,0.04860275,0,8.023590755462646,0,-1.1848082032973872,0
/Users/jc/Dropbox/dplyr-tutorial-master/GSDS/lecture_jct/lecture_slides/data/hazelnut/soundData/ToyCar/test/normal_id_02_00000244.wav,0,0.094341695,1,10.197114944458008,0,-0.4134347951923987,0
/Users/jc/Dropbox/dplyr-tutorial-master/GSDS/lecture_jct/lecture_slides/data/hazelnut/soundData/ToyCar/test/normal_id_02_00000245.wav,0,0.06963581,0,10.243248748779298,0,-0.19511536203601576,0
/Users/jc/Dropbox/dplyr-tutorial-master/GSDS/lecture_jct/lecture_slides/data/hazelnut/soundData/ToyCar/test/normal_id_02_00000246.wav,0,0.09157258,1,11.043073844909667,0,-1.273258815592806,0
/Users/jc/Dropbox/dplyr-tutorial-master/GSDS/lecture_jct/lecture_slides/data/hazelnut/soundData/ToyCar/test/normal_id_02_00000247.wav,0,0.072966896,0,8.263477611541749,0,-0.9579841168427583,0
/Users/jc/Dropbox/dplyr-tutorial-master/GSDS/lecture_jct/lecture_slides/data/hazelnut/soundData/ToyCar/test/normal_id_02_00000248.wav,0,0.04206657,0,8.642708015441894,0,-0.8720106576692706,0
/Users/jc/Dropbox/dplyr-tutorial-master/GSDS/lecture_jct/lecture_slides/data/hazelnut/soundData/ToyCar/test/normal_id_02_00000249.wav,0,0.04791139,0,6.7075608253479,0,-1.1507287337854573,0
/Users/jc/Dropbox/dplyr-tutorial-master/GSDS/lecture_jct/lecture_slides/data/hazelnut/soundData/ToyCar/test/normal_id_02_00000250.wav,0,0.083409324,1,8.886741542816162,0,-0.809016235621975,0
/Users/jc/Dropbox/dplyr-tutorial-master/GSDS/lecture_jct/lecture_slides/data/hazelnut/soundData/ToyCar/test/normal_id_02_00000251.wav,0,0.08399248,1,9.337582397460938,0,-0.695641796939114,0
/Users/jc/Dropbox/dplyr-tutorial-master/GSDS/lecture_jct/lecture_slides/data/hazelnut/soundData/ToyCar/test/normal_id_02_00000252.wav,0,0.037180714,0,6.290293216705322,0,-1.0352490898414475,0
/Users/jc/Dropbox/dplyr-tutorial-master/GSDS/lecture_jct/lecture_slides/data/hazelnut/soundData/ToyCar/test/normal_id_02_00000253.wav,0,0.049360394,0,8.9448392868042,0,-1.3711908058244067,0
/Users/jc/Dropbox/dplyr-tutorial-master/GSDS/lecture_jct/lecture_slides/data/hazelnut/soundData/ToyCar/test/normal_id_02_00000254.wav,0,0.042082928,0,6.609286594390869,0,-0.7370110540037382,0
/Users/jc/Dropbox/dplyr-tutorial-master/GSDS/lecture_jct/lecture_slides/data/hazelnut/soundData/ToyCar/test/normal_id_02_00000255.wav,0,0.038176663,0,8.394606018066407,0,-1.1878397207972062,0
/Users/jc/Dropbox/dplyr-tutorial-master/GSDS/lecture_jct/lecture_slides/data/hazelnut/soundData/ToyCar/test/normal_id_02_00000256.wav,0,0.05760443,0,9.22368335723877,0,-1.0669940066889998,0
/Users/jc/Dropbox/dplyr-tutorial-master/GSDS/lecture_jct/lecture_slides/data/hazelnut/soundData/ToyCar/test/normal_id_02_00000257.wav,0,0.043021604,0,7.798222541809082,0,-0.8943790742325719,0
/Users/jc/Dropbox/dplyr-tutorial-master/GSDS/lecture_jct/lecture_slides/data/hazelnut/soundData/ToyCar/test/normal_id_02_00000258.wav,0,0.07162893,0,10.40379638671875,0,-0.6254519051425351,0
/Users/jc/Dropbox/dplyr-tutorial-master/GSDS/lecture_jct/lecture_slides/data/hazelnut/soundData/ToyCar/test/normal_id_02_00000259.wav,0,0.048941344,0,8.710765647888184,0,-0.5371108281327421,0
/Users/jc/Dropbox/dplyr-tutorial-master/GSDS/lecture_jct/lecture_slides/data/hazelnut/soundData/ToyCar/test/normal_id_02_00000260.wav,0,0.03334581,0,6.363783168792724,0,-1.2410880988587714,0
/Users/jc/Dropbox/dplyr-tutorial-master/GSDS/lecture_jct/lecture_slides/data/hazelnut/soundData/ToyCar/test/normal_id_02_00000261.wav,0,0.04627211,0,9.601720809936523,0,0.017547135357442123,1
/Users/jc/Dropbox/dplyr-tutorial-master/GSDS/lecture_jct/lecture_slides/data/hazelnut/soundData/ToyCar/test/normal_id_02_00000262.wav,0,0.036197644,0,7.033763313293457,0,-1.2124610409090568,0
/Users/jc/Dropbox/dplyr-tutorial-master/GSDS/lecture_jct/lecture_slides/data/hazelnut/soundData/ToyCar/test/normal_id_02_00000263.wav,0,0.05047044,0,11.44672737121582,0,-0.3603523977849328,0
/Users/jc/Dropbox/dplyr-tutorial-master/GSDS/lecture_jct/lecture_slides/data/hazelnut/soundData/ToyCar/test/normal_id_02_00000264.wav,0,0.054573663,0,11.152869033813477,0,0.3168567396149542,1
/Users/jc/Dropbox/dplyr-tutorial-master/GSDS/lecture_jct/lecture_slides/data/hazelnut/soundData/ToyCar/test/normal_id_02_00000265.wav,0,0.052436654,0,8.77923526763916,0,-1.1238877774666989,0
/Users/jc/Dropbox/dplyr-tutorial-master/GSDS/lecture_jct/lecture_slides/data/hazelnut/soundData/ToyCar/test/normal_id_02_00000266.wav,0,0.05871009,0,9.292816352844238,0,-0.22343211955544717,0
/Users/jc/Dropbox/dplyr-tutorial-master/GSDS/lecture_jct/lecture_slides/data/hazelnut/soundData/ToyCar/test/normal_id_02_00000267.wav,0,0.07362847,0,9.907995986938477,0,-0.1739563605486829,0
/Users/jc/Dropbox/dplyr-tutorial-master/GSDS/lecture_jct/lecture_slides/data/hazelnut/soundData/ToyCar/test/normal_id_02_00000268.wav,0,0.045794927,0,6.977335643768311,0,-1.0247677108243307,0
/Users/jc/Dropbox/dplyr-tutorial-master/GSDS/lecture_jct/lecture_slides/data/hazelnut/soundData/ToyCar/test/normal_id_02_00000269.wav,0,0.047274787,0,7.062396621704101,0,-0.5545018160122002,0
/Users/jc/Dropbox/dplyr-tutorial-master/GSDS/lecture_jct/lecture_slides/data/hazelnut/soundData/ToyCar/test/normal_id_02_00000270.wav,0,0.044426702,0,7.537584114074707,0,-1.0400849743333875,0
/Users/jc/Dropbox/dplyr-tutorial-master/GSDS/lecture_jct/lecture_slides/data/hazelnut/soundData/ToyCar/test/normal_id_02_00000271.wav,0,0.028731208,0,7.148479843139649,0,-0.4422296032146349,0
/Users/jc/Dropbox/dplyr-tutorial-master/GSDS/lecture_jct/lecture_slides/data/hazelnut/soundData/ToyCar/test/normal_id_02_00000272.wav,0,0.047155723,0,6.870663833618164,0,-0.7314653500759647,0
/Users/jc/Dropbox/dplyr-tutorial-master/GSDS/lecture_jct/lecture_slides/data/hazelnut/soundData/ToyCar/test/normal_id_02_00000273.wav,0,0.05178169,0,9.639377212524414,0,-1.4571829950874857,0
/Users/jc/Dropbox/dplyr-tutorial-master/GSDS/lecture_jct/lecture_slides/data/hazelnut/soundData/ToyCar/test/normal_id_02_00000274.wav,0,0.08283373,1,10.148388290405274,0,-0.9623090032826198,0
/Users/jc/Dropbox/dplyr-tutorial-master/GSDS/lecture_jct/lecture_slides/data/hazelnut/soundData/ToyCar/test/normal_id_02_00000275.wav,0,0.06561159,0,9.121916580200196,0,-0.25149553466985086,0
/Users/jc/Dropbox/dplyr-tutorial-master/GSDS/lecture_jct/lecture_slides/data/hazelnut/soundData/ToyCar/test/normal_id_02_00000276.wav,0,0.045012243,0,9.446467304229737,0,-1.013633340283091,0
/Users/jc/Dropbox/dplyr-tutorial-master/GSDS/lecture_jct/lecture_slides/data/hazelnut/soundData/ToyCar/test/normal_id_02_00000277.wav,0,0.056293186,0,9.150136566162109,0,-0.4977834271699546,0
/Users/jc/Dropbox/dplyr-tutorial-master/GSDS/lecture_jct/lecture_slides/data/hazelnut/soundData/ToyCar/test/normal_id_02_00000278.wav,0,0.09683888,1,10.518580055236816,0,-0.36659284238357337,0
/Users/jc/Dropbox/dplyr-tutorial-master/GSDS/lecture_jct/lecture_slides/data/hazelnut/soundData/ToyCar/test/normal_id_02_00000279.wav,0,0.07176195,0,10.461125469207763,0,-0.08908571379406105,0
/Users/jc/Dropbox/dplyr-tutorial-master/GSDS/lecture_jct/lecture_slides/data/hazelnut/soundData/ToyCar/test/normal_id_02_00000280.wav,0,0.076839715,0,13.036967277526855,1,-0.15494972896648118,0
/Users/jc/Dropbox/dplyr-tutorial-master/GSDS/lecture_jct/lecture_slides/data/hazelnut/soundData/ToyCar/test/normal_id_02_00000281.wav,0,0.043527275,0,8.435959339141846,0,-0.3228908309231855,0
/Users/jc/Dropbox/dplyr-tutorial-master/GSDS/lecture_jct/lecture_slides/data/hazelnut/soundData/ToyCar/test/normal_id_02_00000282.wav,0,0.04909256,0,7.78495512008667,0,-1.1254226544253996,0
/Users/jc/Dropbox/dplyr-tutorial-master/GSDS/lecture_jct/lecture_slides/data/hazelnut/soundData/ToyCar/test/normal_id_02_00000283.wav,0,0.04973077,0,9.63866310119629,0,-1.6381167566891994,0
/Users/jc/Dropbox/dplyr-tutorial-master/GSDS/lecture_jct/lecture_slides/data/hazelnut/soundData/ToyCar/test/normal_id_02_00000284.wav,0,0.062642045,0,7.253670024871826,0,-1.077163752106629,0
/Users/jc/Dropbox/dplyr-tutorial-master/GSDS/lecture_jct/lecture_slides/data/hazelnut/soundData/ToyCar/test/normal_id_02_00000285.wav,0,0.071982026,0,10.18272819519043,0,-0.3817513467203746,0
/Users/jc/Dropbox/dplyr-tutorial-master/GSDS/lecture_jct/lecture_slides/data/hazelnut/soundData/ToyCar/test/normal_id_02_00000286.wav,0,0.04973863,0,7.8341755867004395,0,-0.9468979735873022,0
/Users/jc/Dropbox/dplyr-tutorial-master/GSDS/lecture_jct/lecture_slides/data/hazelnut/soundData/ToyCar/test/normal_id_02_00000287.wav,0,0.058525145,0,8.17071828842163,0,-0.76980751442653,0
/Users/jc/Dropbox/dplyr-tutorial-master/GSDS/lecture_jct/lecture_slides/data/hazelnut/soundData/ToyCar/test/normal_id_02_00000288.wav,0,0.061362725,0,7.905307674407959,0,-0.7185614695762208,0
/Users/jc/Dropbox/dplyr-tutorial-master/GSDS/lecture_jct/lecture_slides/data/hazelnut/soundData/ToyCar/test/normal_id_02_00000289.wav,0,0.046679832,0,9.479220390319824,0,-0.8561164086815669,0
/Users/jc/Dropbox/dplyr-tutorial-master/GSDS/lecture_jct/lecture_slides/data/hazelnut/soundData/ToyCar/test/normal_id_02_00000290.wav,0,0.044363305,0,6.542781829833984,0,-0.5400242224544147,0
/Users/jc/Dropbox/dplyr-tutorial-master/GSDS/lecture_jct/lecture_slides/data/hazelnut/soundData/ToyCar/test/normal_id_02_00000291.wav,0,0.03966859,0,6.78769998550415,0,-0.6357948714011661,0
/Users/jc/Dropbox/dplyr-tutorial-master/GSDS/lecture_jct/lecture_slides/data/hazelnut/soundData/ToyCar/test/normal_id_02_00000292.wav,0,0.054811917,0,11.70780963897705,1,-0.701835022579874,0
/Users/jc/Dropbox/dplyr-tutorial-master/GSDS/lecture_jct/lecture_slides/data/hazelnut/soundData/ToyCar/test/normal_id_02_00000293.wav,0,0.05003501,0,8.842588520050048,0,0.2481028873218052,1
/Users/jc/Dropbox/dplyr-tutorial-master/GSDS/lecture_jct/lecture_slides/data/hazelnut/soundData/ToyCar/test/normal_id_02_00000294.wav,0,0.09833749,1,11.072333908081054,0,0.21208025301651423,1
/Users/jc/Dropbox/dplyr-tutorial-master/GSDS/lecture_jct/lecture_slides/data/hazelnut/soundData/ToyCar/test/normal_id_02_00000295.wav,0,0.047547918,0,6.755010795593262,0,-0.7369836944530714,0
/Users/jc/Dropbox/dplyr-tutorial-master/GSDS/lecture_jct/lecture_slides/data/hazelnut/soundData/ToyCar/test/normal_id_02_00000296.wav,0,0.055433825,0,10.458984851837158,0,-0.13289485204203721,0
/Users/jc/Dropbox/dplyr-tutorial-master/GSDS/lecture_jct/lecture_slides/data/hazelnut/soundData/ToyCar/test/normal_id_02_00000297.wav,0,0.058227155,0,9.09296007156372,0,-0.43694699947106574,0
/Users/jc/Dropbox/dplyr-tutorial-master/GSDS/lecture_jct/lecture_slides/data/hazelnut/soundData/ToyCar/test/normal_id_02_00000298.wav,0,0.043679282,0,7.272742843627929,0,-1.662744364078275,0
/Users/jc/Dropbox/dplyr-tutorial-master/GSDS/lecture_jct/lecture_slides/data/hazelnut/soundData/ToyCar/test/normal_id_02_00000299.wav,0,0.05318609,0,7.6483172416687015,0,-0.725834792977393,0
/Users/jc/Dropbox/dplyr-tutorial-master/GSDS/lecture_jct/lecture_slides/data/hazelnut/soundData/ToyCar/test/normal_id_02_00000300.wav,0,0.05067919,0,9.166316032409668,0,-1.513671178713417,0
/Users/jc/Dropbox/dplyr-tutorial-master/GSDS/lecture_jct/lecture_slides/data/hazelnut/soundData/ToyCar/test/normal_id_02_00000301.wav,0,0.05384638,0,7.311843395233154,0,-1.4933703636844857,0
/Users/jc/Dropbox/dplyr-tutorial-master/GSDS/lecture_jct/lecture_slides/data/hazelnut/soundData/ToyCar/test/normal_id_02_00000302.wav,0,0.050286934,0,8.327220344543457,0,-0.11339609160372532,0
/Users/jc/Dropbox/dplyr-tutorial-master/GSDS/lecture_jct/lecture_slides/data/hazelnut/soundData/ToyCar/test/normal_id_02_00000303.wav,0,0.04293368,0,10.399387741088868,0,-0.9655342285620359,0
/Users/jc/Dropbox/dplyr-tutorial-master/GSDS/lecture_jct/lecture_slides/data/hazelnut/soundData/ToyCar/test/normal_id_02_00000304.wav,0,0.070363015,0,9.335510635375977,0,0.0619906292610759,1
/Users/jc/Dropbox/dplyr-tutorial-master/GSDS/lecture_jct/lecture_slides/data/hazelnut/soundData/ToyCar/test/normal_id_02_00000305.wav,0,0.03239768,0,6.676228618621826,0,-0.8974133785372995,0
/Users/jc/Dropbox/dplyr-tutorial-master/GSDS/lecture_jct/lecture_slides/data/hazelnut/soundData/ToyCar/test/normal_id_02_00000306.wav,0,0.0803633,1,9.50563087463379,0,0.004685972488056134,1
/Users/jc/Dropbox/dplyr-tutorial-master/GSDS/lecture_jct/lecture_slides/data/hazelnut/soundData/ToyCar/test/normal_id_02_00000307.wav,0,0.07539855,0,9.467531204223633,0,-0.19389425951264272,0
/Users/jc/Dropbox/dplyr-tutorial-master/GSDS/lecture_jct/lecture_slides/data/hazelnut/soundData/ToyCar/test/normal_id_02_00000308.wav,0,0.04468011,0,7.313547801971436,0,-1.1941532702194166,0
/Users/jc/Dropbox/dplyr-tutorial-master/GSDS/lecture_jct/lecture_slides/data/hazelnut/soundData/ToyCar/test/normal_id_02_00000309.wav,0,0.044816565,0,8.273122787475586,0,-1.2145089480442612,0
/Users/jc/Dropbox/dplyr-tutorial-master/GSDS/lecture_jct/lecture_slides/data/hazelnut/soundData/ToyCar/test/normal_id_02_00000310.wav,0,0.045078766,0,7.284768676757812,0,-1.2829565914394339,0
/Users/jc/Dropbox/dplyr-tutorial-master/GSDS/lecture_jct/lecture_slides/data/hazelnut/soundData/ToyCar/test/normal_id_02_00000311.wav,0,0.0760124,0,10.199293899536134,0,-0.048837212100182104,0
/Users/jc/Dropbox/dplyr-tutorial-master/GSDS/lecture_jct/lecture_slides/data/hazelnut/soundData/ToyCar/test/normal_id_02_00000312.wav,0,0.063586295,0,8.751438903808594,0,-0.1785089840974985,0
/Users/jc/Dropbox/dplyr-tutorial-master/GSDS/lecture_jct/lecture_slides/data/hazelnut/soundData/ToyCar/test/normal_id_02_00000313.wav,0,0.049115106,0,8.063661479949952,0,-0.6401659546600733,0
/Users/jc/Dropbox/dplyr-tutorial-master/GSDS/lecture_jct/lecture_slides/data/hazelnut/soundData/ToyCar/test/normal_id_02_00000314.wav,0,0.046243414,0,7.882681369781494,0,-0.606993931528792,0
/Users/jc/Dropbox/dplyr-tutorial-master/GSDS/lecture_jct/lecture_slides/data/hazelnut/soundData/ToyCar/test/normal_id_02_00000315.wav,0,0.03973846,0,6.225560092926026,0,-1.1014818382941982,0
/Users/jc/Dropbox/dplyr-tutorial-master/GSDS/lecture_jct/lecture_slides/data/hazelnut/soundData/ToyCar/test/normal_id_02_00000316.wav,0,0.05348281,0,7.525780582427979,0,-0.949028740863918,0
/Users/jc/Dropbox/dplyr-tutorial-master/GSDS/lecture_jct/lecture_slides/data/hazelnut/soundData/ToyCar/test/normal_id_02_00000317.wav,0,0.043339424,0,6.387968826293945,0,-1.349637307725219,0
/Users/jc/Dropbox/dplyr-tutorial-master/GSDS/lecture_jct/lecture_slides/data/hazelnut/soundData/ToyCar/test/normal_id_02_00000318.wav,0,0.051225726,0,8.739454460144042,0,0.35235069873753266,1
/Users/jc/Dropbox/dplyr-tutorial-master/GSDS/lecture_jct/lecture_slides/data/hazelnut/soundData/ToyCar/test/normal_id_02_00000319.wav,0,0.05755003,0,8.71059970855713,0,-1.142706486542835,0
/Users/jc/Dropbox/dplyr-tutorial-master/GSDS/lecture_jct/lecture_slides/data/hazelnut/soundData/ToyCar/test/normal_id_02_00000320.wav,0,0.04717827,0,7.896712017059326,0,-0.5271640225861463,0
/Users/jc/Dropbox/dplyr-tutorial-master/GSDS/lecture_jct/lecture_slides/data/hazelnut/soundData/ToyCar/test/normal_id_02_00000321.wav,0,0.06528001,0,8.826385307312012,0,-1.0128927175079223,0
/Users/jc/Dropbox/dplyr-tutorial-master/GSDS/lecture_jct/lecture_slides/data/hazelnut/soundData/ToyCar/test/normal_id_02_00000322.wav,0,0.052189376,0,7.7785032272338865,0,-1.2753181966913392,0
/Users/jc/Dropbox/dplyr-tutorial-master/GSDS/lecture_jct/lecture_slides/data/hazelnut/soundData/ToyCar/test/normal_id_02_00000323.wav,0,0.034066107,0,6.308127689361572,0,-0.8540164052438604,0
/Users/jc/Dropbox/dplyr-tutorial-master/GSDS/lecture_jct/lecture_slides/data/hazelnut/soundData/ToyCar/test/normal_id_02_00000324.wav,0,0.045046873,0,7.137520885467529,0,-1.327492488429323,0
/Users/jc/Dropbox/dplyr-tutorial-master/GSDS/lecture_jct/lecture_slides/data/hazelnut/soundData/ToyCar/test/normal_id_02_00000325.wav,0,0.04451738,0,7.453805637359619,0,-0.8365184335845512,0
/Users/jc/Dropbox/dplyr-tutorial-master/GSDS/lecture_jct/lecture_slides/data/hazelnut/soundData/ToyCar/test/normal_id_02_00000326.wav,0,0.05050196,0,9.239416408538819,0,0.33625068855292506,1
/Users/jc/Dropbox/dplyr-tutorial-master/GSDS/lecture_jct/lecture_slides/data/hazelnut/soundData/ToyCar/test/normal_id_02_00000327.wav,0,0.038888678,0,7.154003620147705,0,-1.3282099277297084,0
/Users/jc/Dropbox/dplyr-tutorial-master/GSDS/lecture_jct/lecture_slides/data/hazelnut/soundData/ToyCar/test/normal_id_02_00000328.wav,0,0.0658348,0,7.530372428894043,0,-0.9303379355872874,0
/Users/jc/Dropbox/dplyr-tutorial-master/GSDS/lecture_jct/lecture_slides/data/hazelnut/soundData/ToyCar/test/normal_id_02_00000329.wav,0,0.13632983,1,13.576791572570801,1,-0.13967551128785693,0
/Users/jc/Dropbox/dplyr-tutorial-master/GSDS/lecture_jct/lecture_slides/data/hazelnut/soundData/ToyCar/test/normal_id_02_00000330.wav,0,0.03638927,0,6.4700596809387205,0,-0.6984937893492278,0
/Users/jc/Dropbox/dplyr-tutorial-master/GSDS/lecture_jct/lecture_slides/data/hazelnut/soundData/ToyCar/test/normal_id_02_00000331.wav,0,0.03796999,0,11.300163841247558,0,0.2628738526438408,1
/Users/jc/Dropbox/dplyr-tutorial-master/GSDS/lecture_jct/lecture_slides/data/hazelnut/soundData/ToyCar/test/normal_id_02_00000332.wav,0,0.12758529,1,12.153878974914551,1,-1.1611857175290403,0
/Users/jc/Dropbox/dplyr-tutorial-master/GSDS/lecture_jct/lecture_slides/data/hazelnut/soundData/ToyCar/test/normal_id_02_00000333.wav,0,0.05083618,0,9.737436294555664,0,-0.49644184704373284,0
/Users/jc/Dropbox/dplyr-tutorial-master/GSDS/lecture_jct/lecture_slides/data/hazelnut/soundData/ToyCar/test/normal_id_02_00000334.wav,0,0.055995625,0,7.416724300384521,0,-0.8332838389976152,0
/Users/jc/Dropbox/dplyr-tutorial-master/GSDS/lecture_jct/lecture_slides/data/hazelnut/soundData/ToyCar/test/normal_id_02_00000335.wav,0,0.053063355,0,7.081588172912598,0,-1.0000777992039334,0
/Users/jc/Dropbox/dplyr-tutorial-master/GSDS/lecture_jct/lecture_slides/data/hazelnut/soundData/ToyCar/test/normal_id_02_00000336.wav,0,0.04670665,0,7.5872314453125,0,-1.8031424931411468,0
/Users/jc/Dropbox/dplyr-tutorial-master/GSDS/lecture_jct/lecture_slides/data/hazelnut/soundData/ToyCar/test/normal_id_02_00000337.wav,0,0.050786965,0,7.1415660858154295,0,-1.429757538943309,0
/Users/jc/Dropbox/dplyr-tutorial-master/GSDS/lecture_jct/lecture_slides/data/hazelnut/soundData/ToyCar/test/normal_id_02_00000338.wav,0,0.045846723,0,7.590752410888672,0,-1.4230577424237616,0
/Users/jc/Dropbox/dplyr-tutorial-master/GSDS/lecture_jct/lecture_slides/data/hazelnut/soundData/ToyCar/test/normal_id_02_00000339.wav,0,0.14126365,1,11.852188301086425,1,-0.8656557302436063,0
/Users/jc/Dropbox/dplyr-tutorial-master/GSDS/lecture_jct/lecture_slides/data/hazelnut/soundData/ToyCar/test/normal_id_02_00000340.wav,0,0.06821878,0,9.129622840881348,0,-0.21033154592259695,0
/Users/jc/Dropbox/dplyr-tutorial-master/GSDS/lecture_jct/lecture_slides/data/hazelnut/soundData/ToyCar/test/normal_id_02_00000341.wav,0,0.043494537,0,8.846147918701172,0,-1.2726136347233092,0
/Users/jc/Dropbox/dplyr-tutorial-master/GSDS/lecture_jct/lecture_slides/data/hazelnut/soundData/ToyCar/test/normal_id_02_00000342.wav,0,0.05881166,0,7.839441585540771,0,-0.21373220265690573,0
/Users/jc/Dropbox/dplyr-tutorial-master/GSDS/lecture_jct/lecture_slides/data/hazelnut/soundData/ToyCar/test/normal_id_02_00000343.wav,0,0.04577151,0,7.914820861816406,0,-1.3818178621845885,0
/Users/jc/Dropbox/dplyr-tutorial-master/GSDS/lecture_jct/lecture_slides/data/hazelnut/soundData/ToyCar/test/normal_id_02_00000344.wav,0,0.046857864,0,10.002547073364259,0,-1.4978451551778997,0
/Users/jc/Dropbox/dplyr-tutorial-master/GSDS/lecture_jct/lecture_slides/data/hazelnut/soundData/ToyCar/test/normal_id_02_00000345.wav,0,0.08135754,1,9.163092422485352,0,-0.570474764475688,0
/Users/jc/Dropbox/dplyr-tutorial-master/GSDS/lecture_jct/lecture_slides/data/hazelnut/soundData/ToyCar/test/normal_id_02_00000346.wav,0,0.043072753,0,7.751623058319092,0,-1.181773323070983,0
/Users/jc/Dropbox/dplyr-tutorial-master/GSDS/lecture_jct/lecture_slides/data/hazelnut/soundData/ToyCar/test/normal_id_02_00000347.wav,0,0.04649008,0,6.765992927551269,0,-1.4632395936590417,0
/Users/jc/Dropbox/dplyr-tutorial-master/GSDS/lecture_jct/lecture_slides/data/hazelnut/soundData/ToyCar/test/normal_id_02_00000348.wav,0,0.048007675,0,7.916464138031006,0,-1.3759562875441524,0
/Users/jc/Dropbox/dplyr-tutorial-master/GSDS/lecture_jct/lecture_slides/data/hazelnut/soundData/ToyCar/test/normal_id_02_00000349.wav,0,0.084979,1,7.976122093200684,0,-0.44035109555204777,0
/Users/jc/Dropbox/dplyr-tutorial-master/GSDS/lecture_jct/lecture_slides/data/hazelnut/soundData/ToyCar/test/anomaly_id_02_00000000.wav,1,0.08566588,1,10.02178134918213,0,0.39861464549255476,1
/Users/jc/Dropbox/dplyr-tutorial-master/GSDS/lecture_jct/lecture_slides/data/hazelnut/soundData/ToyCar/test/anomaly_id_02_00000001.wav,1,0.12896739,1,12.69946346282959,1,0.7861167640255928,1
/Users/jc/Dropbox/dplyr-tutorial-master/GSDS/lecture_jct/lecture_slides/data/hazelnut/soundData/ToyCar/test/anomaly_id_02_00000002.wav,1,0.068713084,0,8.605589675903321,0,-0.6069760581199883,0
/Users/jc/Dropbox/dplyr-tutorial-master/GSDS/lecture_jct/lecture_slides/data/hazelnut/soundData/ToyCar/test/anomaly_id_02_00000003.wav,1,0.113727264,1,10.258781623840331,0,-0.15123248093122843,0
/Users/jc/Dropbox/dplyr-tutorial-master/GSDS/lecture_jct/lecture_slides/data/hazelnut/soundData/ToyCar/test/anomaly_id_02_00000004.wav,1,0.11452774,1,10.548228645324707,0,-0.9116509639966521,0
/Users/jc/Dropbox/dplyr-tutorial-master/GSDS/lecture_jct/lecture_slides/data/hazelnut/soundData/ToyCar/test/anomaly_id_02_00000005.wav,1,0.13532446,1,13.351168251037597,1,0.21351612679344845,1
/Users/jc/Dropbox/dplyr-tutorial-master/GSDS/lecture_jct/lecture_slides/data/hazelnut/soundData/ToyCar/test/anomaly_id_02_00000006.wav,1,0.089289196,1,8.842057704925537,0,-0.6961174492937445,0
/Users/jc/Dropbox/dplyr-tutorial-master/GSDS/lecture_jct/lecture_slides/data/hazelnut/soundData/ToyCar/test/anomaly_id_02_00000007.wav,1,0.1876607,1,13.415970611572266,1,0.16013014195348063,1
/Users/jc/Dropbox/dplyr-tutorial-master/GSDS/lecture_jct/lecture_slides/data/hazelnut/soundData/ToyCar/test/anomaly_id_02_00000008.wav,1,0.08981769,1,9.329296493530274,0,-0.1553996583001469,0
/Users/jc/Dropbox/dplyr-tutorial-master/GSDS/lecture_jct/lecture_slides/data/hazelnut/soundData/ToyCar/test/anomaly_id_02_00000009.wav,1,0.06921895,0,9.464151573181152,0,-1.3835678874322612,0
/Users/jc/Dropbox/dplyr-tutorial-master/GSDS/lecture_jct/lecture_slides/data/hazelnut/soundData/ToyCar/test/anomaly_id_02_00000010.wav,1,0.09660464,1,9.271644020080567,0,-0.25674722879130574,0
/Users/jc/Dropbox/dplyr-tutorial-master/GSDS/lecture_jct/lecture_slides/data/hazelnut/soundData/ToyCar/test/anomaly_id_02_00000011.wav,1,0.1726052,1,12.792668342590332,1,0.04959718533930113,1
/Users/jc/Dropbox/dplyr-tutorial-master/GSDS/lecture_jct/lecture_slides/data/hazelnut/soundData/ToyCar/test/anomaly_id_02_00000012.wav,1,0.12230302,1,11.59680118560791,0,0.6664579468557932,1
/Users/jc/Dropbox/dplyr-tutorial-master/GSDS/lecture_jct/lecture_slides/data/hazelnut/soundData/ToyCar/test/anomaly_id_02_00000013.wav,1,0.14697923,1,11.549256896972656,0,-0.952268518930599,0
/Users/jc/Dropbox/dplyr-tutorial-master/GSDS/lecture_jct/lecture_slides/data/hazelnut/soundData/ToyCar/test/anomaly_id_02_00000014.wav,1,0.07395066,0,7.501023387908935,0,-1.2214991536211928,0
/Users/jc/Dropbox/dplyr-tutorial-master/GSDS/lecture_jct/lecture_slides/data/hazelnut/soundData/ToyCar/test/anomaly_id_02_00000015.wav,1,0.1349389,1,11.255241394042969,0,0.46234868837650334,1
/Users/jc/Dropbox/dplyr-tutorial-master/GSDS/lecture_jct/lecture_slides/data/hazelnut/soundData/ToyCar/test/anomaly_id_02_00000016.wav,1,0.11163109,1,15.21873950958252,1,1.481334483371564,1
/Users/jc/Dropbox/dplyr-tutorial-master/GSDS/lecture_jct/lecture_slides/data/hazelnut/soundData/ToyCar/test/anomaly_id_02_00000017.wav,1,0.097060196,1,8.69268341064453,0,-0.9022773644335818,0
/Users/jc/Dropbox/dplyr-tutorial-master/GSDS/lecture_jct/lecture_slides/data/hazelnut/soundData/ToyCar/test/anomaly_id_02_00000018.wav,1,0.21159261,1,24.097962188720704,1,3.357578497175495,1
/Users/jc/Dropbox/dplyr-tutorial-master/GSDS/lecture_jct/lecture_slides/data/hazelnut/soundData/ToyCar/test/anomaly_id_02_00000019.wav,1,0.06449946,0,8.431478309631348,0,-1.1715455905560717,0
/Users/jc/Dropbox/dplyr-tutorial-master/GSDS/lecture_jct/lecture_slides/data/hazelnut/soundData/ToyCar/test/anomaly_id_02_00000020.wav,1,0.12720099,1,9.277616405487061,0,0.2736997557984173,1
/Users/jc/Dropbox/dplyr-tutorial-master/GSDS/lecture_jct/lecture_slides/data/hazelnut/soundData/ToyCar/test/anomaly_id_02_00000021.wav,1,0.17414314,1,15.795761489868164,1,1.5502591424651215,1
/Users/jc/Dropbox/dplyr-tutorial-master/GSDS/lecture_jct/lecture_slides/data/hazelnut/soundData/ToyCar/test/anomaly_id_02_00000022.wav,1,0.07671873,0,8.448570728302002,0,-0.718523235726189,0
/Users/jc/Dropbox/dplyr-tutorial-master/GSDS/lecture_jct/lecture_slides/data/hazelnut/soundData/ToyCar/test/anomaly_id_02_00000023.wav,1,0.116040066,1,10.908563995361328,0,0.20731734435672422,1
/Users/jc/Dropbox/dplyr-tutorial-master/GSDS/lecture_jct/lecture_slides/data/hazelnut/soundData/ToyCar/test/anomaly_id_02_00000024.wav,1,0.2521569,1,16.175975608825684,1,0.9193689249337047,1
/Users/jc/Dropbox/dplyr-tutorial-master/GSDS/lecture_jct/lecture_slides/data/hazelnut/soundData/ToyCar/test/anomaly_id_02_00000025.wav,1,0.19696823,1,17.48080825805664,1,2.525116648628013,1
/Users/jc/Dropbox/dplyr-tutorial-master/GSDS/lecture_jct/lecture_slides/data/hazelnut/soundData/ToyCar/test/anomaly_id_02_00000026.wav,1,0.115086965,1,11.523034286499023,0,-1.2953261340019715,0
/Users/jc/Dropbox/dplyr-tutorial-master/GSDS/lecture_jct/lecture_slides/data/hazelnut/soundData/ToyCar/test/anomaly_id_02_00000027.wav,1,0.21091923,1,18.707195663452147,1,1.9005922723573763,1
/Users/jc/Dropbox/dplyr-tutorial-master/GSDS/lecture_jct/lecture_slides/data/hazelnut/soundData/ToyCar/test/anomaly_id_02_00000028.wav,1,0.101114556,1,11.185482788085938,0,-0.5848559126744055,0
/Users/jc/Dropbox/dplyr-tutorial-master/GSDS/lecture_jct/lecture_slides/data/hazelnut/soundData/ToyCar/test/anomaly_id_02_00000029.wav,1,0.057331946,0,10.489412212371827,0,0.5937667909328419,1
/Users/jc/Dropbox/dplyr-tutorial-master/GSDS/lecture_jct/lecture_slides/data/hazelnut/soundData/ToyCar/test/anomaly_id_02_00000030.wav,1,0.14749718,1,13.26962890625,1,0.5922027447064617,1
/Users/jc/Dropbox/dplyr-tutorial-master/GSDS/lecture_jct/lecture_slides/data/hazelnut/soundData/ToyCar/test/anomaly_id_02_00000031.wav,1,0.07862908,1,7.850750350952149,0,-0.4791342422619076,0
/Users/jc/Dropbox/dplyr-tutorial-master/GSDS/lecture_jct/lecture_slides/data/hazelnut/soundData/ToyCar/test/anomaly_id_02_00000032.wav,1,0.092686936,1,9.096284866333008,0,-0.6479794921702249,0
/Users/jc/Dropbox/dplyr-tutorial-master/GSDS/lecture_jct/lecture_slides/data/hazelnut/soundData/ToyCar/test/anomaly_id_02_00000033.wav,1,0.16908097,1,13.002137565612793,1,0.9543734559432075,1
/Users/jc/Dropbox/dplyr-tutorial-master/GSDS/lecture_jct/lecture_slides/data/hazelnut/soundData/ToyCar/test/anomaly_id_02_00000034.wav,1,0.35178518,1,17.7190185546875,1,1.3044264365616929,1
/Users/jc/Dropbox/dplyr-tutorial-master/GSDS/lecture_jct/lecture_slides/data/hazelnut/soundData/ToyCar/test/anomaly_id_02_00000035.wav,1,0.07755433,0,9.202721786499023,0,-0.5017099088627015,0
/Users/jc/Dropbox/dplyr-tutorial-master/GSDS/lecture_jct/lecture_slides/data/hazelnut/soundData/ToyCar/test/anomaly_id_02_00000036.wav,1,0.13133901,1,11.724968528747558,1,0.2643422791160166,1
/Users/jc/Dropbox/dplyr-tutorial-master/GSDS/lecture_jct/lecture_slides/data/hazelnut/soundData/ToyCar/test/anomaly_id_02_00000037.wav,1,0.07647514,0,8.945361328125,0,-0.6234875837801281,0
/Users/jc/Dropbox/dplyr-tutorial-master/GSDS/lecture_jct/lecture_slides/data/hazelnut/soundData/ToyCar/test/anomaly_id_02_00000038.wav,1,0.07654297,0,9.730234909057618,0,0.06470305719113068,1
/Users/jc/Dropbox/dplyr-tutorial-master/GSDS/lecture_jct/lecture_slides/data/hazelnut/soundData/ToyCar/test/anomaly_id_02_00000039.wav,1,0.16828948,1,14.400858306884766,1,1.1770654922652013,1
/Users/jc/Dropbox/dplyr-tutorial-master/GSDS/lecture_jct/lecture_slides/data/hazelnut/soundData/ToyCar/test/anomaly_id_02_00000040.wav,1,0.104906306,1,10.784469413757325,0,-0.42156996865191054,0
/Users/jc/Dropbox/dplyr-tutorial-master/GSDS/lecture_jct/lecture_slides/data/hazelnut/soundData/ToyCar/test/anomaly_id_02_00000041.wav,1,0.19736704,1,14.484123420715331,1,0.4089987884910955,1
/Users/jc/Dropbox/dplyr-tutorial-master/GSDS/lecture_jct/lecture_slides/data/hazelnut/soundData/ToyCar/test/anomaly_id_02_00000042.wav,1,0.11551464,1,9.273018074035644,0,-0.21754600993392081,0
/Users/jc/Dropbox/dplyr-tutorial-master/GSDS/lecture_jct/lecture_slides/data/hazelnut/soundData/ToyCar/test/anomaly_id_02_00000043.wav,1,0.14759853,1,11.066927909851074,0,-0.20404959988079696,0
/Users/jc/Dropbox/dplyr-tutorial-master/GSDS/lecture_jct/lecture_slides/data/hazelnut/soundData/ToyCar/test/anomaly_id_02_00000044.wav,1,0.09008107,1,8.93170461654663,0,-0.577079093159095,0
/Users/jc/Dropbox/dplyr-tutorial-master/GSDS/lecture_jct/lecture_slides/data/hazelnut/soundData/ToyCar/test/anomaly_id_02_00000045.wav,1,0.06896507,0,8.477068328857422,0,-1.4372378772846153,0
/Users/jc/Dropbox/dplyr-tutorial-master/GSDS/lecture_jct/lecture_slides/data/hazelnut/soundData/ToyCar/test/anomaly_id_02_00000046.wav,1,0.10011394,1,11.628239631652832,0,-0.47088519323036504,0
/Users/jc/Dropbox/dplyr-tutorial-master/GSDS/lecture_jct/lecture_slides/data/hazelnut/soundData/ToyCar/test/anomaly_id_02_00000047.wav,1,0.15960115,1,13.177184104919434,1,-0.5942444989679441,0
/Users/jc/Dropbox/dplyr-tutorial-master/GSDS/lecture_jct/lecture_slides/data/hazelnut/soundData/ToyCar/test/anomaly_id_02_00000048.wav,1,0.1116827,1,8.60151023864746,0,-0.6845340756767415,0
/Users/jc/Dropbox/dplyr-tutorial-master/GSDS/lecture_jct/lecture_slides/data/hazelnut/soundData/ToyCar/test/anomaly_id_02_00000049.wav,1,0.11670766,1,11.598636627197266,0,-0.12735653263748503,0
/Users/jc/Dropbox/dplyr-tutorial-master/GSDS/lecture_jct/lecture_slides/data/hazelnut/soundData/ToyCar/test/anomaly_id_02_00000050.wav,1,0.17305773,1,19.01374740600586,1,2.528766133705971,1
/Users/jc/Dropbox/dplyr-tutorial-master/GSDS/lecture_jct/lecture_slides/data/hazelnut/soundData/ToyCar/test/anomaly_id_02_00000051.wav,1,0.096693635,1,10.847157859802246,0,0.591340285520431,1
/Users/jc/Dropbox/dplyr-tutorial-master/GSDS/lecture_jct/lecture_slides/data/hazelnut/soundData/ToyCar/test/anomaly_id_02_00000052.wav,1,0.16776961,1,14.8367280960083,1,0.9671801913508498,1
/Users/jc/Dropbox/dplyr-tutorial-master/GSDS/lecture_jct/lecture_slides/data/hazelnut/soundData/ToyCar/test/anomaly_id_02_00000053.wav,1,0.1043027,1,10.440918159484863,0,-0.5758512689389192,0
/Users/jc/Dropbox/dplyr-tutorial-master/GSDS/lecture_jct/lecture_slides/data/hazelnut/soundData/ToyCar/test/anomaly_id_02_00000054.wav,1,0.070998386,0,10.041333198547363,0,-0.1964668370605791,0
/Users/jc/Dropbox/dplyr-tutorial-master/GSDS/lecture_jct/lecture_slides/data/hazelnut/soundData/ToyCar/test/anomaly_id_02_00000055.wav,1,0.09377776,1,9.659321594238282,0,-0.07382890859593694,0
/Users/jc/Dropbox/dplyr-tutorial-master/GSDS/lecture_jct/lecture_slides/data/hazelnut/soundData/ToyCar/test/anomaly_id_02_00000056.wav,1,0.1322492,1,10.671592712402344,0,-0.2223847540858035,0
/Users/jc/Dropbox/dplyr-tutorial-master/GSDS/lecture_jct/lecture_slides/data/hazelnut/soundData/ToyCar/test/anomaly_id_02_00000057.wav,1,0.22912094,1,19.8578742980957,1,2.6403885463788557,1
/Users/jc/Dropbox/dplyr-tutorial-master/GSDS/lecture_jct/lecture_slides/data/hazelnut/soundData/ToyCar/test/anomaly_id_02_00000058.wav,1,0.08665866,1,9.097888374328614,0,-0.8967953345889592,0
/Users/jc/Dropbox/dplyr-tutorial-master/GSDS/lecture_jct/lecture_slides/data/hazelnut/soundData/ToyCar/test/anomaly_id_02_00000059.wav,1,0.13567242,1,13.043265914916992,1,1.0331984243815575,1
/Users/jc/Dropbox/dplyr-tutorial-master/GSDS/lecture_jct/lecture_slides/data/hazelnut/soundData/ToyCar/test/anomaly_id_02_00000060.wav,1,0.10199299,1,9.989778900146485,0,-0.06090071121232077,0
/Users/jc/Dropbox/dplyr-tutorial-master/GSDS/lecture_jct/lecture_slides/data/hazelnut/soundData/ToyCar/test/anomaly_id_02_00000061.wav,1,0.093941,1,11.665460968017578,0,-0.2537521366366704,0
/Users/jc/Dropbox/dplyr-tutorial-master/GSDS/lecture_jct/lecture_slides/data/hazelnut/soundData/ToyCar/test/anomaly_id_02_00000062.wav,1,0.12757657,1,12.092337226867675,1,-0.2028371294521838,0
/Users/jc/Dropbox/dplyr-tutorial-master/GSDS/lecture_jct/lecture_slides/data/hazelnut/soundData/ToyCar/test/anomaly_id_02_00000063.wav,1,0.08450889,1,9.573820304870605,0,-1.1155289580393397,0
/Users/jc/Dropbox/dplyr-tutorial-master/GSDS/lecture_jct/lecture_slides/data/hazelnut/soundData/ToyCar/test/anomaly_id_02_00000064.wav,1,0.06488316,0,7.414949131011963,0,-1.2766521124828483,0
/Users/jc/Dropbox/dplyr-tutorial-master/GSDS/lecture_jct/lecture_slides/data/hazelnut/soundData/ToyCar/test/anomaly_id_02_00000065.wav,1,0.10335791,1,13.012962913513183,1,0.4234767097732979,1
/Users/jc/Dropbox/dplyr-tutorial-master/GSDS/lecture_jct/lecture_slides/data/hazelnut/soundData/ToyCar/test/anomaly_id_02_00000066.wav,1,0.11695021,1,11.165140151977539,0,0.4207752361619863,1
/Users/jc/Dropbox/dplyr-tutorial-master/GSDS/lecture_jct/lecture_slides/data/hazelnut/soundData/ToyCar/test/anomaly_id_02_00000067.wav,1,0.10701279,1,10.846840858459473,0,-0.9811863496194837,0
/Users/jc/Dropbox/dplyr-tutorial-master/GSDS/lecture_jct/lecture_slides/data/hazelnut/soundData/ToyCar/test/anomaly_id_02_00000068.wav,1,0.06464488,0,7.582048797607422,0,-1.3043659621851402,0
/Users/jc/Dropbox/dplyr-tutorial-master/GSDS/lecture_jct/lecture_slides/data/hazelnut/soundData/ToyCar/test/anomaly_id_02_00000069.wav,1,0.09729316,1,9.310606956481934,0,-0.46670977803546343,0
/Users/jc/Dropbox/dplyr-tutorial-master/GSDS/lecture_jct/lecture_slides/data/hazelnut/soundData/ToyCar/test/anomaly_id_02_00000070.wav,1,0.12813044,1,12.062894821166992,1,0.6548841979683337,1
/Users/jc/Dropbox/dplyr-tutorial-master/GSDS/lecture_jct/lecture_slides/data/hazelnut/soundData/ToyCar/test/anomaly_id_02_00000071.wav,1,0.1258507,1,11.95290241241455,1,-0.2303494827746917,0
/Users/jc/Dropbox/dplyr-tutorial-master/GSDS/lecture_jct/lecture_slides/data/hazelnut/soundData/ToyCar/test/anomaly_id_02_00000072.wav,1,0.1436235,1,12.878958320617675,1,0.49414551922163374,1
/Users/jc/Dropbox/dplyr-tutorial-master/GSDS/lecture_jct/lecture_slides/data/hazelnut/soundData/ToyCar/test/anomaly_id_02_00000073.wav,1,0.11967871,1,11.685120010375977,1,0.33530097456521046,1
/Users/jc/Dropbox/dplyr-tutorial-master/GSDS/lecture_jct/lecture_slides/data/hazelnut/soundData/ToyCar/test/anomaly_id_02_00000074.wav,1,0.09399618,1,10.478056144714355,0,-0.18202805169311898,0
/Users/jc/Dropbox/dplyr-tutorial-master/GSDS/lecture_jct/lecture_slides/data/hazelnut/soundData/ToyCar/test/anomaly_id_02_00000075.wav,1,0.101662084,1,10.412845802307128,0,-0.16483288763104653,0
/Users/jc/Dropbox/dplyr-tutorial-master/GSDS/lecture_jct/lecture_slides/data/hazelnut/soundData/ToyCar/test/anomaly_id_02_00000076.wav,1,0.08538732,1,9.920862579345703,0,-1.3659091946014845,0
/Users/jc/Dropbox/dplyr-tutorial-master/GSDS/lecture_jct/lecture_slides/data/hazelnut/soundData/ToyCar/test/anomaly_id_02_00000077.wav,1,0.14721546,1,13.724923706054687,1,1.1887616708825375,1
/Users/jc/Dropbox/dplyr-tutorial-master/GSDS/lecture_jct/lecture_slides/data/hazelnut/soundData/ToyCar/test/anomaly_id_02_00000078.wav,1,0.08788102,1,9.797734642028809,0,-0.24332630588441795,0
/Users/jc/Dropbox/dplyr-tutorial-master/GSDS/lecture_jct/lecture_slides/data/hazelnut/soundData/ToyCar/test/anomaly_id_02_00000079.wav,1,0.09073807,1,10.493472671508789,0,-0.9305902367666112,0
/Users/jc/Dropbox/dplyr-tutorial-master/GSDS/lecture_jct/lecture_slides/data/hazelnut/soundData/ToyCar/test/anomaly_id_02_00000080.wav,1,0.093686216,1,11.78659725189209,1,-0.3094884670285216,0
/Users/jc/Dropbox/dplyr-tutorial-master/GSDS/lecture_jct/lecture_slides/data/hazelnut/soundData/ToyCar/test/anomaly_id_02_00000081.wav,1,0.06469244,0,10.638637351989747,0,0.24731273140387167,1
/Users/jc/Dropbox/dplyr-tutorial-master/GSDS/lecture_jct/lecture_slides/data/hazelnut/soundData/ToyCar/test/anomaly_id_02_00000082.wav,1,0.13663372,1,11.434677124023438,0,-1.2372333972972598,0
/Users/jc/Dropbox/dplyr-tutorial-master/GSDS/lecture_jct/lecture_slides/data/hazelnut/soundData/ToyCar/test/anomaly_id_02_00000083.wav,1,0.034174517,0,6.578123760223389,0,-1.2873337333318604,0
/Users/jc/Dropbox/dplyr-tutorial-master/GSDS/lecture_jct/lecture_slides/data/hazelnut/soundData/ToyCar/test/anomaly_id_02_00000084.wav,1,0.081363074,1,11.147528839111327,0,-1.0786377085496017,0
/Users/jc/Dropbox/dplyr-tutorial-master/GSDS/lecture_jct/lecture_slides/data/hazelnut/soundData/ToyCar/test/anomaly_id_02_00000085.wav,1,0.09655622,1,9.352145767211914,0,-0.9965318194485011,0
/Users/jc/Dropbox/dplyr-tutorial-master/GSDS/lecture_jct/lecture_slides/data/hazelnut/soundData/ToyCar/test/anomaly_id_02_00000086.wav,1,0.16317451,1,14.223579216003419,1,0.9205256887587812,1
/Users/jc/Dropbox/dplyr-tutorial-master/GSDS/lecture_jct/lecture_slides/data/hazelnut/soundData/ToyCar/test/anomaly_id_02_00000087.wav,1,0.1539629,1,12.037690925598145,1,-0.597285885119355,0
/Users/jc/Dropbox/dplyr-tutorial-master/GSDS/lecture_jct/lecture_slides/data/hazelnut/soundData/ToyCar/test/anomaly_id_02_00000088.wav,1,0.09221437,1,10.601700782775879,0,0.023676360882478154,1
/Users/jc/Dropbox/dplyr-tutorial-master/GSDS/lecture_jct/lecture_slides/data/hazelnut/soundData/ToyCar/test/anomaly_id_02_00000089.wav,1,0.12703288,1,12.55407886505127,1,-0.6450595551546554,0
/Users/jc/Dropbox/dplyr-tutorial-master/GSDS/lecture_jct/lecture_slides/data/hazelnut/soundData/ToyCar/test/anomaly_id_02_00000090.wav,1,0.093565114,1,9.843685150146484,0,-0.3632834990656262,0
/Users/jc/Dropbox/dplyr-tutorial-master/GSDS/lecture_jct/lecture_slides/data/hazelnut/soundData/ToyCar/test/anomaly_id_02_00000091.wav,1,0.2063128,1,26.806881713867188,1,3.6032877317941727,1
/Users/jc/Dropbox/dplyr-tutorial-master/GSDS/lecture_jct/lecture_slides/data/hazelnut/soundData/ToyCar/test/anomaly_id_02_00000092.wav,1,0.12852353,1,11.932990646362304,1,-0.13022219736195506,0
/Users/jc/Dropbox/dplyr-tutorial-master/GSDS/lecture_jct/lecture_slides/data/hazelnut/soundData/ToyCar/test/anomaly_id_02_00000093.wav,1,0.123016566,1,10.632670593261718,0,-0.8434049405764013,0
/Users/jc/Dropbox/dplyr-tutorial-master/GSDS/lecture_jct/lecture_slides/data/hazelnut/soundData/ToyCar/test/anomaly_id_02_00000094.wav,1,0.09204882,1,10.47617073059082,0,0.038892392144172394,1
/Users/jc/Dropbox/dplyr-tutorial-master/GSDS/lecture_jct/lecture_slides/data/hazelnut/soundData/ToyCar/test/anomaly_id_02_00000095.wav,1,0.12892005,1,11.601836013793946,0,-0.3155068992106216,0
/Users/jc/Dropbox/dplyr-tutorial-master/GSDS/lecture_jct/lecture_slides/data/hazelnut/soundData/ToyCar/test/anomaly_id_02_00000096.wav,1,0.12311672,1,10.90287914276123,0,-1.4635795679379084,0
/Users/jc/Dropbox/dplyr-tutorial-master/GSDS/lecture_jct/lecture_slides/data/hazelnut/soundData/ToyCar/test/anomaly_id_02_00000097.wav,1,0.13475814,1,10.941715431213378,0,0.3933609914899221,1
/Users/jc/Dropbox/dplyr-tutorial-master/GSDS/lecture_jct/lecture_slides/data/hazelnut/soundData/ToyCar/test/anomaly_id_02_00000098.wav,1,0.08525869,1,10.129612731933594,0,-1.220414471002952,0
/Users/jc/Dropbox/dplyr-tutorial-master/GSDS/lecture_jct/lecture_slides/data/hazelnut/soundData/ToyCar/test/anomaly_id_02_00000099.wav,1,0.09180483,1,17.167050933837892,1,0.6972538927148237,1
/Users/jc/Dropbox/dplyr-tutorial-master/GSDS/lecture_jct/lecture_slides/data/hazelnut/soundData/ToyCar/test/anomaly_id_02_00000100.wav,1,0.17446873,1,14.551954078674317,1,1.5962449739939943,1
/Users/jc/Dropbox/dplyr-tutorial-master/GSDS/lecture_jct/lecture_slides/data/hazelnut/soundData/ToyCar/test/anomaly_id_02_00000101.wav,1,0.11022317,1,10.240554809570312,0,-0.5059624604613111,0
/Users/jc/Dropbox/dplyr-tutorial-master/GSDS/lecture_jct/lecture_slides/data/hazelnut/soundData/ToyCar/test/anomaly_id_02_00000102.wav,1,0.083845735,1,10.092967224121093,0,-1.0422315876014592,0
/Users/jc/Dropbox/dplyr-tutorial-master/GSDS/lecture_jct/lecture_slides/data/hazelnut/soundData/ToyCar/test/anomaly_id_02_00000103.wav,1,0.0850741,1,10.634099197387695,0,-0.46216430961382926,0
/Users/jc/Dropbox/dplyr-tutorial-master/GSDS/lecture_jct/lecture_slides/data/hazelnut/soundData/ToyCar/test/anomaly_id_02_00000104.wav,1,0.16897042,1,14.583141899108886,1,0.22997976754501437,1
/Users/jc/Dropbox/dplyr-tutorial-master/GSDS/lecture_jct/lecture_slides/data/hazelnut/soundData/ToyCar/test/anomaly_id_02_00000105.wav,1,0.07129512,0,8.084504890441895,0,-0.6879820967356967,0
/Users/jc/Dropbox/dplyr-tutorial-master/GSDS/lecture_jct/lecture_slides/data/hazelnut/soundData/ToyCar/test/anomaly_id_02_00000106.wav,1,0.13714483,1,10.32873363494873,0,-0.539195601722378,0
/Users/jc/Dropbox/dplyr-tutorial-master/GSDS/lecture_jct/lecture_slides/data/hazelnut/soundData/ToyCar/test/anomaly_id_02_00000107.wav,1,0.050321665,0,7.251134967803955,0,-1.182583394459554,0
/Users/jc/Dropbox/dplyr-tutorial-master/GSDS/lecture_jct/lecture_slides/data/hazelnut/soundData/ToyCar/test/anomaly_id_02_00000108.wav,1,0.066965304,0,7.403390121459961,0,-1.1937929589872258,0
/Users/jc/Dropbox/dplyr-tutorial-master/GSDS/lecture_jct/lecture_slides/data/hazelnut/soundData/ToyCar/test/anomaly_id_02_00000109.wav,1,0.09193987,1,11.380363082885742,0,-0.8772987131845023,0
/Users/jc/Dropbox/dplyr-tutorial-master/GSDS/lecture_jct/lecture_slides/data/hazelnut/soundData/ToyCar/test/anomaly_id_02_00000110.wav,1,0.12848662,1,11.747678565979005,1,0.070329537546165,1
/Users/jc/Dropbox/dplyr-tutorial-master/GSDS/lecture_jct/lecture_slides/data/hazelnut/soundData/ToyCar/test/anomaly_id_02_00000111.wav,1,0.17176768,1,14.620851516723633,1,0.5260648474717149,1
/Users/jc/Dropbox/dplyr-tutorial-master/GSDS/lecture_jct/lecture_slides/data/hazelnut/soundData/ToyCar/test/anomaly_id_02_00000112.wav,1,0.10406514,1,10.155711555480957,0,-1.2930592157854788,0
/Users/jc/Dropbox/dplyr-tutorial-master/GSDS/lecture_jct/lecture_slides/data/hazelnut/soundData/ToyCar/test/anomaly_id_02_00000113.wav,1,0.080178976,1,9.368644428253173,0,-0.5503383094985681,0
/Users/jc/Dropbox/dplyr-tutorial-master/GSDS/lecture_jct/lecture_slides/data/hazelnut/soundData/ToyCar/test/anomaly_id_02_00000114.wav,1,0.0908415,1,9.413436317443848,0,-0.3050706965838357,0
/Users/jc/Dropbox/dplyr-tutorial-master/GSDS/lecture_jct/lecture_slides/data/hazelnut/soundData/ToyCar/test/anomaly_id_02_00000115.wav,1,0.1739136,1,15.404769325256348,1,1.1302522589324009,1
/Users/jc/Dropbox/dplyr-tutorial-master/GSDS/lecture_jct/lecture_slides/data/hazelnut/soundData/ToyCar/test/anomaly_id_02_00000116.wav,1,0.09519975,1,10.1725679397583,0,-0.4579890776899065,0
/Users/jc/Dropbox/dplyr-tutorial-master/GSDS/lecture_jct/lecture_slides/data/hazelnut/soundData/ToyCar/test/anomaly_id_02_00000117.wav,1,0.06604698,0,8.797972297668457,0,-1.0961869675054725,0
/Users/jc/Dropbox/dplyr-tutorial-master/GSDS/lecture_jct/lecture_slides/data/hazelnut/soundData/ToyCar/test/anomaly_id_02_00000118.wav,1,0.13516638,1,14.970390510559081,1,1.120626005701415,1
/Users/jc/Dropbox/dplyr-tutorial-master/GSDS/lecture_jct/lecture_slides/data/hazelnut/soundData/ToyCar/test/anomaly_id_02_00000119.wav,1,0.072258756,0,7.952284526824951,0,-0.6268273632964654,0
/Users/jc/Dropbox/dplyr-tutorial-master/GSDS/lecture_jct/lecture_slides/data/hazelnut/soundData/ToyCar/test/anomaly_id_02_00000120.wav,1,0.108713225,1,8.793458557128906,0,-0.48615926720068536,0
/Users/jc/Dropbox/dplyr-tutorial-master/GSDS/lecture_jct/lecture_slides/data/hazelnut/soundData/ToyCar/test/anomaly_id_02_00000121.wav,1,0.17260481,1,18.126510620117188,1,2.1124760207562443,1
/Users/jc/Dropbox/dplyr-tutorial-master/GSDS/lecture_jct/lecture_slides/data/hazelnut/soundData/ToyCar/test/anomaly_id_02_00000122.wav,1,0.04667412,0,7.4081930160522464,0,-1.0058290425550531,0
/Users/jc/Dropbox/dplyr-tutorial-master/GSDS/lecture_jct/lecture_slides/data/hazelnut/soundData/ToyCar/test/anomaly_id_02_00000123.wav,1,0.10439566,1,11.000226020812988,0,-0.8449393389297093,0
/Users/jc/Dropbox/dplyr-tutorial-master/GSDS/lecture_jct/lecture_slides/data/hazelnut/soundData/ToyCar/test/anomaly_id_02_00000124.wav,1,0.1608058,1,13.451607131958008,1,0.7214401140642863,1
/Users/jc/Dropbox/dplyr-tutorial-master/GSDS/lecture_jct/lecture_slides/data/hazelnut/soundData/ToyCar/test/anomaly_id_02_00000125.wav,1,0.14662819,1,14.161636352539062,1,0.825754316660483,1
/Users/jc/Dropbox/dplyr-tutorial-master/GSDS/lecture_jct/lecture_slides/data/hazelnut/soundData/ToyCar/test/anomaly_id_02_00000126.wav,1,0.1039442,1,9.145548439025879,0,-0.3135212156101099,0
/Users/jc/Dropbox/dplyr-tutorial-master/GSDS/lecture_jct/lecture_slides/data/hazelnut/soundData/ToyCar/test/anomaly_id_02_00000127.wav,1,0.12743886,1,12.398078727722169,1,-0.9634922256383094,0
/Users/jc/Dropbox/dplyr-tutorial-master/GSDS/lecture_jct/lecture_slides/data/hazelnut/soundData/ToyCar/test/anomaly_id_02_00000128.wav,1,0.069832176,0,10.13474178314209,0,0.09495123079250334,1
/Users/jc/Dropbox/dplyr-tutorial-master/GSDS/lecture_jct/lecture_slides/data/hazelnut/soundData/ToyCar/test/anomaly_id_02_00000129.wav,1,0.15949944,1,13.082455253601074,1,0.44362107572429155,1
/Users/jc/Dropbox/dplyr-tutorial-master/GSDS/lecture_jct/lecture_slides/data/hazelnut/soundData/ToyCar/test/anomaly_id_02_00000130.wav,1,0.10146328,1,8.520583534240723,0,-0.6063666640535814,0
/Users/jc/Dropbox/dplyr-tutorial-master/GSDS/lecture_jct/lecture_slides/data/hazelnut/soundData/ToyCar/test/anomaly_id_02_00000131.wav,1,0.18347129,1,11.800764274597167,1,-0.6403542972239311,0
/Users/jc/Dropbox/dplyr-tutorial-master/GSDS/lecture_jct/lecture_slides/data/hazelnut/soundData/ToyCar/test/anomaly_id_02_00000132.wav,1,0.09801336,1,10.18925895690918,0,-0.7904257628673941,0
/Users/jc/Dropbox/dplyr-tutorial-master/GSDS/lecture_jct/lecture_slides/data/hazelnut/soundData/ToyCar/test/anomaly_id_02_00000133.wav,1,0.22626753,1,19.53527412414551,1,2.6112427386932384,1
/Users/jc/Dropbox/dplyr-tutorial-master/GSDS/lecture_jct/lecture_slides/data/hazelnut/soundData/ToyCar/test/anomaly_id_02_00000134.wav,1,0.13459778,1,11.903800964355469,1,-0.8343195216194443,0
/Users/jc/Dropbox/dplyr-tutorial-master/GSDS/lecture_jct/lecture_slides/data/hazelnut/soundData/ToyCar/test/anomaly_id_02_00000135.wav,1,0.13704212,1,10.34828586578369,0,-0.8210246652350479,0
/Users/jc/Dropbox/dplyr-tutorial-master/GSDS/lecture_jct/lecture_slides/data/hazelnut/soundData/ToyCar/test/anomaly_id_02_00000136.wav,1,0.10374475,1,8.789813041687012,0,-0.3882012812813276,0
/Users/jc/Dropbox/dplyr-tutorial-master/GSDS/lecture_jct/lecture_slides/data/hazelnut/soundData/ToyCar/test/anomaly_id_02_00000137.wav,1,0.08872534,1,13.820952033996582,1,-0.5362328338494047,0
/Users/jc/Dropbox/dplyr-tutorial-master/GSDS/lecture_jct/lecture_slides/data/hazelnut/soundData/ToyCar/test/anomaly_id_02_00000138.wav,1,0.040609274,0,7.250266456604004,0,-1.3156705011688672,0
/Users/jc/Dropbox/dplyr-tutorial-master/GSDS/lecture_jct/lecture_slides/data/hazelnut/soundData/ToyCar/test/anomaly_id_02_00000139.wav,1,0.12302521,1,11.58045768737793,0,0.2048689277827278,1
/Users/jc/Dropbox/dplyr-tutorial-master/GSDS/lecture_jct/lecture_slides/data/hazelnut/soundData/ToyCar/test/anomaly_id_02_00000140.wav,1,0.10538467,1,9.343253707885742,0,-1.0107760138594726,0
/Users/jc/Dropbox/dplyr-tutorial-master/GSDS/lecture_jct/lecture_slides/data/hazelnut/soundData/ToyCar/test/anomaly_id_02_00000141.wav,1,0.09277648,1,9.73472328186035,0,-1.217264463008937,0
/Users/jc/Dropbox/dplyr-tutorial-master/GSDS/lecture_jct/lecture_slides/data/hazelnut/soundData/ToyCar/test/anomaly_id_02_00000142.wav,1,0.08157089,1,9.114788818359376,0,0.28754659225444623,1
/Users/jc/Dropbox/dplyr-tutorial-master/GSDS/lecture_jct/lecture_slides/data/hazelnut/soundData/ToyCar/test/anomaly_id_02_00000143.wav,1,0.096705,1,10.536447906494141,0,-0.5998699925693547,0
/Users/jc/Dropbox/dplyr-tutorial-master/GSDS/lecture_jct/lecture_slides/data/hazelnut/soundData/ToyCar/test/anomaly_id_02_00000144.wav,1,0.06388925,0,9.201571464538574,0,-1.205682617622882,0
/Users/jc/Dropbox/dplyr-tutorial-master/GSDS/lecture_jct/lecture_slides/data/hazelnut/soundData/ToyCar/test/anomaly_id_02_00000145.wav,1,0.10008852,1,11.298209953308106,0,-0.24239543065926838,0
/Users/jc/Dropbox/dplyr-tutorial-master/GSDS/lecture_jct/lecture_slides/data/hazelnut/soundData/ToyCar/test/anomaly_id_02_00000146.wav,1,0.13095619,1,11.956197166442871,1,-0.6617261379938704,0
/Users/jc/Dropbox/dplyr-tutorial-master/GSDS/lecture_jct/lecture_slides/data/hazelnut/soundData/ToyCar/test/anomaly_id_02_00000147.wav,1,0.071392775,0,12.112410163879394,1,-0.24737697511230206,0
/Users/jc/Dropbox/dplyr-tutorial-master/GSDS/lecture_jct/lecture_slides/data/hazelnut/soundData/ToyCar/test/anomaly_id_02_00000148.wav,1,0.1508618,1,12.690579414367676,1,-0.8403999257383701,0
/Users/jc/Dropbox/dplyr-tutorial-master/GSDS/lecture_jct/lecture_slides/data/hazelnut/soundData/ToyCar/test/anomaly_id_02_00000149.wav,1,0.09152015,1,10.320963478088379,0,-1.03593548480635,0
/Users/jc/Dropbox/dplyr-tutorial-master/GSDS/lecture_jct/lecture_slides/data/hazelnut/soundData/ToyCar/test/anomaly_id_02_00000150.wav,1,0.12639748,1,11.091466331481934,0,-0.17662501870974712,0
/Users/jc/Dropbox/dplyr-tutorial-master/GSDS/lecture_jct/lecture_slides/data/hazelnut/soundData/ToyCar/test/anomaly_id_02_00000151.wav,1,0.06112151,0,7.66323184967041,0,-1.1484127914832598,0
/Users/jc/Dropbox/dplyr-tutorial-master/GSDS/lecture_jct/lecture_slides/data/hazelnut/soundData/ToyCar/test/anomaly_id_02_00000152.wav,1,0.1886649,1,14.340790939331054,1,0.8727782418708605,1
/Users/jc/Dropbox/dplyr-tutorial-master/GSDS/lecture_jct/lecture_slides/data/hazelnut/soundData/ToyCar/test/anomaly_id_02_00000153.wav,1,0.10933958,1,9.548018646240234,0,0.029840686028268504,1
/Users/jc/Dropbox/dplyr-tutorial-master/GSDS/lecture_jct/lecture_slides/data/hazelnut/soundData/ToyCar/test/anomaly_id_02_00000154.wav,1,0.1478439,1,9.623911666870118,0,-0.22028592553357473,0
/Users/jc/Dropbox/dplyr-tutorial-master/GSDS/lecture_jct/lecture_slides/data/hazelnut/soundData/ToyCar/test/anomaly_id_02_00000155.wav,1,0.15750988,1,12.30712013244629,1,0.7963989174659045,1
/Users/jc/Dropbox/dplyr-tutorial-master/GSDS/lecture_jct/lecture_slides/data/hazelnut/soundData/ToyCar/test/anomaly_id_02_00000156.wav,1,0.17663991,1,14.24736270904541,1,0.13954213005212823,1
/Users/jc/Dropbox/dplyr-tutorial-master/GSDS/lecture_jct/lecture_slides/data/hazelnut/soundData/ToyCar/test/anomaly_id_02_00000157.wav,1,0.08722038,1,10.477823638916016,0,-0.16877875023263034,0
/Users/jc/Dropbox/dplyr-tutorial-master/GSDS/lecture_jct/lecture_slides/data/hazelnut/soundData/ToyCar/test/anomaly_id_02_00000158.wav,1,0.12791432,1,10.521127510070801,0,-0.2764850955805134,0
/Users/jc/Dropbox/dplyr-tutorial-master/GSDS/lecture_jct/lecture_slides/data/hazelnut/soundData/ToyCar/test/anomaly_id_02_00000159.wav,1,0.1523985,1,12.56561279296875,1,-0.004552221490734976,0
/Users/jc/Dropbox/dplyr-tutorial-master/GSDS/lecture_jct/lecture_slides/data/hazelnut/soundData/ToyCar/test/anomaly_id_02_00000160.wav,1,0.062075995,0,9.710016250610352,0,-0.4505907364847257,0
/Users/jc/Dropbox/dplyr-tutorial-master/GSDS/lecture_jct/lecture_slides/data/hazelnut/soundData/ToyCar/test/anomaly_id_02_00000161.wav,1,0.09433607,1,11.018390083312989,0,-0.5198863219517627,0
/Users/jc/Dropbox/dplyr-tutorial-master/GSDS/lecture_jct/lecture_slides/data/hazelnut/soundData/ToyCar/test/anomaly_id_02_00000162.wav,1,0.10204792,1,13.861693572998046,1,0.44053075746497594,1
/Users/jc/Dropbox/dplyr-tutorial-master/GSDS/lecture_jct/lecture_slides/data/hazelnut/soundData/ToyCar/test/anomaly_id_02_00000163.wav,1,0.09379668,1,10.554024124145508,0,-1.0917125104754444,0
/Users/jc/Dropbox/dplyr-tutorial-master/GSDS/lecture_jct/lecture_slides/data/hazelnut/soundData/ToyCar/test/anomaly_id_02_00000164.wav,1,0.13746154,1,13.680731010437011,1,0.9615185308091729,1
/Users/jc/Dropbox/dplyr-tutorial-master/GSDS/lecture_jct/lecture_slides/data/hazelnut/soundData/ToyCar/test/anomaly_id_02_00000165.wav,1,0.13150726,1,11.931995391845703,1,-0.5053201444355766,0
/Users/jc/Dropbox/dplyr-tutorial-master/GSDS/lecture_jct/lecture_slides/data/hazelnut/soundData/ToyCar/test/anomaly_id_02_00000166.wav,1,0.081759274,1,8.83232135772705,0,-1.0202573737246627,0
/Users/jc/Dropbox/dplyr-tutorial-master/GSDS/lecture_jct/lecture_slides/data/hazelnut/soundData/ToyCar/test/anomaly_id_02_00000167.wav,1,0.22288993,1,15.59286880493164,1,1.4579415937860971,1
/Users/jc/Dropbox/dplyr-tutorial-master/GSDS/lecture_jct/lecture_slides/data/hazelnut/soundData/ToyCar/test/anomaly_id_02_00000168.wav,1,0.11375037,1,10.506277084350586,0,-1.018309628818658,0
/Users/jc/Dropbox/dplyr-tutorial-master/GSDS/lecture_jct/lecture_slides/data/hazelnut/soundData/ToyCar/test/anomaly_id_02_00000169.wav,1,0.143683,1,14.323284149169922,1,1.73092937971726,1
/Users/jc/Dropbox/dplyr-tutorial-master/GSDS/lecture_jct/lecture_slides/data/hazelnut/soundData/ToyCar/test/anomaly_id_02_00000170.wav,1,0.09619284,1,12.278886032104491,1,-0.15678496423607235,0
/Users/jc/Dropbox/dplyr-tutorial-master/GSDS/lecture_jct/lecture_slides/data/hazelnut/soundData/ToyCar/test/anomaly_id_02_00000171.wav,1,0.14411609,1,13.879440116882325,1,1.2954720619965685,1
/Users/jc/Dropbox/dplyr-tutorial-master/GSDS/lecture_jct/lecture_slides/data/hazelnut/soundData/ToyCar/test/anomaly_id_02_00000172.wav,1,0.13783306,1,11.707989311218261,1,0.10180037457062197,1
/Users/jc/Dropbox/dplyr-tutorial-master/GSDS/lecture_jct/lecture_slides/data/hazelnut/soundData/ToyCar/test/anomaly_id_02_00000173.wav,1,0.11233623,1,9.249151611328125,0,-0.596177140495521,0
/Users/jc/Dropbox/dplyr-tutorial-master/GSDS/lecture_jct/lecture_slides/data/hazelnut/soundData/ToyCar/test/anomaly_id_02_00000174.wav,1,0.15312281,1,18.57152900695801,1,2.359675689059502,1
/Users/jc/Dropbox/dplyr-tutorial-master/GSDS/lecture_jct/lecture_slides/data/hazelnut/soundData/ToyCar/test/anomaly_id_02_00000175.wav,1,0.34555805,1,16.536686515808107,1,1.627138069865576,1
/Users/jc/Dropbox/dplyr-tutorial-master/GSDS/lecture_jct/lecture_slides/data/hazelnut/soundData/ToyCar/test/anomaly_id_02_00000176.wav,1,0.086468294,1,10.803559494018554,0,-1.1214625425457632,0
/Users/jc/Dropbox/dplyr-tutorial-master/GSDS/lecture_jct/lecture_slides/data/hazelnut/soundData/ToyCar/test/anomaly_id_02_00000177.wav,1,0.09310381,1,9.725833702087403,0,0.3302639819063531,1
/Users/jc/Dropbox/dplyr-tutorial-master/GSDS/lecture_jct/lecture_slides/data/hazelnut/soundData/ToyCar/test/anomaly_id_02_00000178.wav,1,0.062433247,0,10.655837059020996,0,-1.0708702788075044,0
/Users/jc/Dropbox/dplyr-tutorial-master/GSDS/lecture_jct/lecture_slides/data/hazelnut/soundData/ToyCar/test/anomaly_id_02_00000179.wav,1,0.109757334,1,12.90656852722168,1,0.7286174124850087,1
/Users/jc/Dropbox/dplyr-tutorial-master/GSDS/lecture_jct/lecture_slides/data/hazelnut/soundData/ToyCar/test/anomaly_id_02_00000180.wav,1,0.107929885,1,9.726996421813965,0,-0.7647349106916881,0
/Users/jc/Dropbox/dplyr-tutorial-master/GSDS/lecture_jct/lecture_slides/data/hazelnut/soundData/ToyCar/test/anomaly_id_02_00000181.wav,1,0.14692065,1,10.698460960388184,0,0.04066457248930799,1
/Users/jc/Dropbox/dplyr-tutorial-master/GSDS/lecture_jct/lecture_slides/data/hazelnut/soundData/ToyCar/test/anomaly_id_02_00000182.wav,1,0.13494074,1,12.492873191833496,1,0.30803021641695505,1
/Users/jc/Dropbox/dplyr-tutorial-master/GSDS/lecture_jct/lecture_slides/data/hazelnut/soundData/ToyCar/test/anomaly_id_02_00000183.wav,1,0.11527175,1,9.96398868560791,0,-0.8086133130758899,0
/Users/jc/Dropbox/dplyr-tutorial-master/GSDS/lecture_jct/lecture_slides/data/hazelnut/soundData/ToyCar/test/anomaly_id_02_00000184.wav,1,0.11055388,1,10.616211891174316,0,0.2335905764577717,1
/Users/jc/Dropbox/dplyr-tutorial-master/GSDS/lecture_jct/lecture_slides/data/hazelnut/soundData/ToyCar/test/anomaly_id_02_00000185.wav,1,0.14163266,1,10.36845359802246,0,0.10017560310742235,1
/Users/jc/Dropbox/dplyr-tutorial-master/GSDS/lecture_jct/lecture_slides/data/hazelnut/soundData/ToyCar/test/anomaly_id_02_00000186.wav,1,0.08657617,1,9.497021102905274,0,-0.6188282909483744,0
/Users/jc/Dropbox/dplyr-tutorial-master/GSDS/lecture_jct/lecture_slides/data/hazelnut/soundData/ToyCar/test/anomaly_id_02_00000187.wav,1,0.15131617,1,13.65432357788086,1,0.1190714702706237,1
/Users/jc/Dropbox/dplyr-tutorial-master/GSDS/lecture_jct/lecture_slides/data/hazelnut/soundData/ToyCar/test/anomaly_id_02_00000188.wav,1,0.18483025,1,12.18838119506836,1,-0.47953995892766343,0
/Users/jc/Dropbox/dplyr-tutorial-master/GSDS/lecture_jct/lecture_slides/data/hazelnut/soundData/ToyCar/test/anomaly_id_02_00000189.wav,1,0.374031,1,17.438270568847656,1,1.5338384269752692,1
/Users/jc/Dropbox/dplyr-tutorial-master/GSDS/lecture_jct/lecture_slides/data/hazelnut/soundData/ToyCar/test/anomaly_id_02_00000190.wav,1,0.10548221,1,11.734108543395996,1,0.018573823650184895,1
/Users/jc/Dropbox/dplyr-tutorial-master/GSDS/lecture_jct/lecture_slides/data/hazelnut/soundData/ToyCar/test/anomaly_id_02_00000191.wav,1,0.089415565,1,8.42302360534668,0,-0.8868539970366278,0
/Users/jc/Dropbox/dplyr-tutorial-master/GSDS/lecture_jct/lecture_slides/data/hazelnut/soundData/ToyCar/test/anomaly_id_02_00000192.wav,1,0.17030182,1,15.446352195739745,1,1.4285673773651402,1
/Users/jc/Dropbox/dplyr-tutorial-master/GSDS/lecture_jct/lecture_slides/data/hazelnut/soundData/ToyCar/test/anomaly_id_02_00000193.wav,1,0.10067698,1,9.12103729248047,0,-0.9442059394377509,0
/Users/jc/Dropbox/dplyr-tutorial-master/GSDS/lecture_jct/lecture_slides/data/hazelnut/soundData/ToyCar/test/anomaly_id_02_00000194.wav,1,0.15901455,1,11.75545139312744,1,-0.8688034315041575,0
/Users/jc/Dropbox/dplyr-tutorial-master/GSDS/lecture_jct/lecture_slides/data/hazelnut/soundData/ToyCar/test/anomaly_id_02_00000195.wav,1,0.082238995,1,8.390811920166016,0,-0.9034181868721811,0
/Users/jc/Dropbox/dplyr-tutorial-master/GSDS/lecture_jct/lecture_slides/data/hazelnut/soundData/ToyCar/test/anomaly_id_02_00000196.wav,1,0.054736942,0,7.648304653167725,0,-1.6770876996169815,0
/Users/jc/Dropbox/dplyr-tutorial-master/GSDS/lecture_jct/lecture_slides/data/hazelnut/soundData/ToyCar/test/anomaly_id_02_00000197.wav,1,0.104545906,1,9.548539161682129,0,-0.9630010445123123,0
/Users/jc/Dropbox/dplyr-tutorial-master/GSDS/lecture_jct/lecture_slides/data/hazelnut/soundData/ToyCar/test/anomaly_id_02_00000198.wav,1,0.19607928,1,18.53835334777832,1,2.1886429973496297,1
/Users/jc/Dropbox/dplyr-tutorial-master/GSDS/lecture_jct/lecture_slides/data/hazelnut/soundData/ToyCar/test/anomaly_id_02_00000199.wav,1,0.17219514,1,15.38648509979248,1,1.0614491040990197,1
/Users/jc/Dropbox/dplyr-tutorial-master/GSDS/lecture_jct/lecture_slides/data/hazelnut/soundData/ToyCar/test/anomaly_id_02_00000200.wav,1,0.103678286,1,11.027012634277344,0,-1.4271490572365737,0
/Users/jc/Dropbox/dplyr-tutorial-master/GSDS/lecture_jct/lecture_slides/data/hazelnut/soundData/ToyCar/test/anomaly_id_02_00000201.wav,1,0.13431588,1,11.122815704345703,0,-0.506803991983614,0
/Users/jc/Dropbox/dplyr-tutorial-master/GSDS/lecture_jct/lecture_slides/data/hazelnut/soundData/ToyCar/test/anomaly_id_02_00000202.wav,1,0.10523995,1,12.27879981994629,1,0.34678154901502145,1
/Users/jc/Dropbox/dplyr-tutorial-master/GSDS/lecture_jct/lecture_slides/data/hazelnut/soundData/ToyCar/test/anomaly_id_02_00000203.wav,1,0.06935477,0,9.782333946228027,0,-1.2369574881567287,0
/Users/jc/Dropbox/dplyr-tutorial-master/GSDS/lecture_jct/lecture_slides/data/hazelnut/soundData/ToyCar/test/anomaly_id_02_00000204.wav,1,0.08233179,1,9.156784439086914,0,-0.5584378427214443,0
/Users/jc/Dropbox/dplyr-tutorial-master/GSDS/lecture_jct/lecture_slides/data/hazelnut/soundData/ToyCar/test/anomaly_id_02_00000205.wav,1,0.17994839,1,14.912029647827149,1,1.0210308780628896,1
/Users/jc/Dropbox/dplyr-tutorial-master/GSDS/lecture_jct/lecture_slides/data/hazelnut/soundData/ToyCar/test/anomaly_id_02_00000206.wav,1,0.20216367,1,15.532152366638183,1,0.9365198982270551,1
/Users/jc/Dropbox/dplyr-tutorial-master/GSDS/lecture_jct/lecture_slides/data/hazelnut/soundData/ToyCar/test/anomaly_id_02_00000207.wav,1,0.16227458,1,11.85212745666504,1,-0.6575987801062011,0
/Users/jc/Dropbox/dplyr-tutorial-master/GSDS/lecture_jct/lecture_slides/data/hazelnut/soundData/ToyCar/test/anomaly_id_02_00000208.wav,1,0.115925506,1,11.820456504821777,1,-0.5256421532972846,0
/Users/jc/Dropbox/dplyr-tutorial-master/GSDS/lecture_jct/lecture_slides/data/hazelnut/soundData/ToyCar/test/anomaly_id_02_00000209.wav,1,0.14122409,1,13.093893241882324,1,-0.5262027921462957,0
/Users/jc/Dropbox/dplyr-tutorial-master/GSDS/lecture_jct/lecture_slides/data/hazelnut/soundData/ToyCar/test/anomaly_id_02_00000210.wav,1,0.07745553,0,12.68576602935791,1,-0.1643795097432701,0
/Users/jc/Dropbox/dplyr-tutorial-master/GSDS/lecture_jct/lecture_slides/data/hazelnut/soundData/ToyCar/test/anomaly_id_02_00000211.wav,1,0.19707602,1,19.8940372467041,1,2.613468455996168,1
/Users/jc/Dropbox/dplyr-tutorial-master/GSDS/lecture_jct/lecture_slides/data/hazelnut/soundData/ToyCar/test/anomaly_id_02_00000212.wav,1,0.1003622,1,9.71712760925293,0,-0.876039712100324,0
/Users/jc/Dropbox/dplyr-tutorial-master/GSDS/lecture_jct/lecture_slides/data/hazelnut/soundData/ToyCar/test/anomaly_id_02_00000213.wav,1,0.109007634,1,10.122192192077637,0,-0.6474787345838919,0
/Users/jc/Dropbox/dplyr-tutorial-master/GSDS/lecture_jct/lecture_slides/data/hazelnut/soundData/ToyCar/test/anomaly_id_02_00000214.wav,1,0.103344925,1,10.292125511169434,0,0.2925031403221352,1
/Users/jc/Dropbox/dplyr-tutorial-master/GSDS/lecture_jct/lecture_slides/data/hazelnut/soundData/ToyCar/test/anomaly_id_02_00000215.wav,1,0.08851879,1,9.099903869628907,0,0.32533422287880853,1
/Users/jc/Dropbox/dplyr-tutorial-master/GSDS/lecture_jct/lecture_slides/data/hazelnut/soundData/ToyCar/test/anomaly_id_02_00000216.wav,1,0.12383539,1,12.383488845825195,1,0.1364428903677224,1
/Users/jc/Dropbox/dplyr-tutorial-master/GSDS/lecture_jct/lecture_slides/data/hazelnut/soundData/ToyCar/test/anomaly_id_02_00000217.wav,1,0.1041937,1,11.041296577453613,0,0.8052639056964344,1
/Users/jc/Dropbox/dplyr-tutorial-master/GSDS/lecture_jct/lecture_slides/data/hazelnut/soundData/ToyCar/test/anomaly_id_02_00000218.wav,1,0.14423089,1,15.105274200439453,1,1.1864055495896566,1
/Users/jc/Dropbox/dplyr-tutorial-master/GSDS/lecture_jct/lecture_slides/data/hazelnut/soundData/ToyCar/test/anomaly_id_02_00000219.wav,1,0.1521133,1,13.429857063293458,1,0.7049814151960665,1
/Users/jc/Dropbox/dplyr-tutorial-master/GSDS/lecture_jct/lecture_slides/data/hazelnut/soundData/ToyCar/test/anomaly_id_02_00000220.wav,1,0.2140707,1,20.506669998168945,1,3.0396810748380108,1
/Users/jc/Dropbox/dplyr-tutorial-master/GSDS/lecture_jct/lecture_slides/data/hazelnut/soundData/ToyCar/test/anomaly_id_02_00000221.wav,1,0.07638721,0,9.292544746398926,0,-1.111782457211425,0
/Users/jc/Dropbox/dplyr-tutorial-master/GSDS/lecture_jct/lecture_slides/data/hazelnut/soundData/ToyCar/test/anomaly_id_02_00000222.wav,1,0.080950186,1,11.812548065185547,1,-1.05679865964464,0
/Users/jc/Dropbox/dplyr-tutorial-master/GSDS/lecture_jct/lecture_slides/data/hazelnut/soundData/ToyCar/test/anomaly_id_02_00000223.wav,1,0.16558596,1,14.907395935058593,1,1.1689269183902815,1
/Users/jc/Dropbox/dplyr-tutorial-master/GSDS/lecture_jct/lecture_slides/data/hazelnut/soundData/ToyCar/test/anomaly_id_02_00000224.wav,1,0.058786232,0,7.094473743438721,0,-1.0478766580838386,0
/Users/jc/Dropbox/dplyr-tutorial-master/GSDS/lecture_jct/lecture_slides/data/hazelnut/soundData/ToyCar/test/anomaly_id_02_00000225.wav,1,0.07252692,0,9.614645004272461,0,-0.41751550003868587,0
/Users/jc/Dropbox/dplyr-tutorial-master/GSDS/lecture_jct/lecture_slides/data/hazelnut/soundData/ToyCar/test/anomaly_id_02_00000226.wav,1,0.16851358,1,12.438066101074218,1,0.6846078920065866,1
/Users/jc/Dropbox/dplyr-tutorial-master/GSDS/lecture_jct/lecture_slides/data/hazelnut/soundData/ToyCar/test/anomaly_id_02_00000227.wav,1,0.16599599,1,20.13062744140625,1,2.1116474477190366,1
/Users/jc/Dropbox/dplyr-tutorial-master/GSDS/lecture_jct/lecture_slides/data/hazelnut/soundData/ToyCar/test/anomaly_id_02_00000228.wav,1,0.13103738,1,12.663071250915527,1,0.31476033078652366,1
/Users/jc/Dropbox/dplyr-tutorial-master/GSDS/lecture_jct/lecture_slides/data/hazelnut/soundData/ToyCar/test/anomaly_id_02_00000229.wav,1,0.18792245,1,17.747888565063477,1,2.0165588168542703,1
/Users/jc/Dropbox/dplyr-tutorial-master/GSDS/lecture_jct/lecture_slides/data/hazelnut/soundData/ToyCar/test/anomaly_id_02_00000230.wav,1,0.08613774,1,8.933675956726074,0,0.35313673556190883,1
/Users/jc/Dropbox/dplyr-tutorial-master/GSDS/lecture_jct/lecture_slides/data/hazelnut/soundData/ToyCar/test/anomaly_id_02_00000231.wav,1,0.18044075,1,11.180123138427735,0,-0.1811806518711121,0
/Users/jc/Dropbox/dplyr-tutorial-master/GSDS/lecture_jct/lecture_slides/data/hazelnut/soundData/ToyCar/test/anomaly_id_02_00000232.wav,1,0.10101463,1,9.910921859741212,0,-0.4914541411437128,0
/Users/jc/Dropbox/dplyr-tutorial-master/GSDS/lecture_jct/lecture_slides/data/hazelnut/soundData/ToyCar/test/anomaly_id_02_00000233.wav,1,0.16947499,1,14.879371070861817,1,1.4076908959194725,1
/Users/jc/Dropbox/dplyr-tutorial-master/GSDS/lecture_jct/lecture_slides/data/hazelnut/soundData/ToyCar/test/anomaly_id_02_00000234.wav,1,0.07491319,0,9.446538734436036,0,-1.1176940682510086,0
/Users/jc/Dropbox/dplyr-tutorial-master/GSDS/lecture_jct/lecture_slides/data/hazelnut/soundData/ToyCar/test/anomaly_id_02_00000235.wav,1,0.17936571,1,12.672040557861328,1,0.29501006253234063,1
/Users/jc/Dropbox/dplyr-tutorial-master/GSDS/lecture_jct/lecture_slides/data/hazelnut/soundData/ToyCar/test/anomaly_id_02_00000236.wav,1,0.11224416,1,10.275355529785156,0,-0.7673612184626508,0
/Users/jc/Dropbox/dplyr-tutorial-master/GSDS/lecture_jct/lecture_slides/data/hazelnut/soundData/ToyCar/test/anomaly_id_02_00000237.wav,1,0.1317722,1,10.43860092163086,0,-0.4809871154069745,0
/Users/jc/Dropbox/dplyr-tutorial-master/GSDS/lecture_jct/lecture_slides/data/hazelnut/soundData/ToyCar/test/anomaly_id_02_00000238.wav,1,0.10415004,1,12.885832214355469,1,0.22004907102115157,1
/Users/jc/Dropbox/dplyr-tutorial-master/GSDS/lecture_jct/lecture_slides/data/hazelnut/soundData/ToyCar/test/anomaly_id_02_00000239.wav,1,0.12588125,1,13.263151550292969,1,-1.0022762805787364,0
/Users/jc/Dropbox/dplyr-tutorial-master/GSDS/lecture_jct/lecture_slides/data/hazelnut/soundData/ToyCar/test/anomaly_id_02_00000240.wav,1,0.15545681,1,10.560580062866212,0,-1.0677883735526406,0
/Users/jc/Dropbox/dplyr-tutorial-master/GSDS/lecture_jct/lecture_slides/data/hazelnut/soundData/ToyCar/test/anomaly_id_02_00000241.wav,1,0.10611338,1,10.482875061035156,0,0.4353068483833771,1
/Users/jc/Dropbox/dplyr-tutorial-master/GSDS/lecture_jct/lecture_slides/data/hazelnut/soundData/ToyCar/test/anomaly_id_02_00000242.wav,1,0.1494475,1,13.026649665832519,1,0.5606357013427266,1
/Users/jc/Dropbox/dplyr-tutorial-master/GSDS/lecture_jct/lecture_slides/data/hazelnut/soundData/ToyCar/test/anomaly_id_02_00000243.wav,1,0.10980593,1,10.350544548034668,0,-1.2403055434698826,0
/Users/jc/Dropbox/dplyr-tutorial-master/GSDS/lecture_jct/lecture_slides/data/hazelnut/soundData/ToyCar/test/anomaly_id_02_00000244.wav,1,0.108136326,1,10.19597110748291,0,-1.1156423584038633,0
/Users/jc/Dropbox/dplyr-tutorial-master/GSDS/lecture_jct/lecture_slides/data/hazelnut/soundData/ToyCar/test/anomaly_id_02_00000245.wav,1,0.07749347,0,8.01301155090332,0,-0.5404376248172849,0
/Users/jc/Dropbox/dplyr-tutorial-master/GSDS/lecture_jct/lecture_slides/data/hazelnut/soundData/ToyCar/test/anomaly_id_02_00000246.wav,1,0.11038001,1,11.192064666748047,0,-0.026267499829552676,0
/Users/jc/Dropbox/dplyr-tutorial-master/GSDS/lecture_jct/lecture_slides/data/hazelnut/soundData/ToyCar/test/anomaly_id_02_00000247.wav,1,0.07760119,0,9.672959327697754,0,-0.5931733626906297,0
/Users/jc/Dropbox/dplyr-tutorial-master/GSDS/lecture_jct/lecture_slides/data/hazelnut/soundData/ToyCar/test/anomaly_id_02_00000248.wav,1,0.1086837,1,10.02541618347168,0,-0.49148671629487417,0
/Users/jc/Dropbox/dplyr-tutorial-master/GSDS/lecture_jct/lecture_slides/data/hazelnut/soundData/ToyCar/test/anomaly_id_02_00000249.wav,1,0.077566504,0,8.960243415832519,0,-1.0013742965737542,0
/Users/jc/Dropbox/dplyr-tutorial-master/GSDS/lecture_jct/lecture_slides/data/hazelnut/soundData/ToyCar/test/anomaly_id_02_00000250.wav,1,0.11262304,1,11.611386489868163,0,0.11423092896845422,1
/Users/jc/Dropbox/dplyr-tutorial-master/GSDS/lecture_jct/lecture_slides/data/hazelnut/soundData/ToyCar/test/anomaly_id_02_00000251.wav,1,0.14165866,1,12.499542236328125,1,0.6729048692273429,1
/Users/jc/Dropbox/dplyr-tutorial-master/GSDS/lecture_jct/lecture_slides/data/hazelnut/soundData/ToyCar/test/anomaly_id_02_00000252.wav,1,0.1899368,1,15.61511402130127,1,0.6645884761651311,1
/Users/jc/Dropbox/dplyr-tutorial-master/GSDS/lecture_jct/lecture_slides/data/hazelnut/soundData/ToyCar/test/anomaly_id_02_00000253.wav,1,0.13655789,1,11.034412574768066,0,0.01432675862616506,1
/Users/jc/Dropbox/dplyr-tutorial-master/GSDS/lecture_jct/lecture_slides/data/hazelnut/soundData/ToyCar/test/anomaly_id_02_00000254.wav,1,0.13576445,1,17.31078109741211,1,1.943567618219432,1
/Users/jc/Dropbox/dplyr-tutorial-master/GSDS/lecture_jct/lecture_slides/data/hazelnut/soundData/ToyCar/test/anomaly_id_02_00000255.wav,1,0.099095576,1,11.2171480178833,0,0.15525652296739123,1
/Users/jc/Dropbox/dplyr-tutorial-master/GSDS/lecture_jct/lecture_slides/data/hazelnut/soundData/ToyCar/test/anomaly_id_02_00000256.wav,1,0.08515668,1,9.228640937805176,0,-1.1721454287488955,0
/Users/jc/Dropbox/dplyr-tutorial-master/GSDS/lecture_jct/lecture_slides/data/hazelnut/soundData/ToyCar/test/anomaly_id_02_00000257.wav,1,0.14461897,1,11.546812057495117,0,-0.2800840277278738,0
/Users/jc/Dropbox/dplyr-tutorial-master/GSDS/lecture_jct/lecture_slides/data/hazelnut/soundData/ToyCar/test/anomaly_id_02_00000258.wav,1,0.0757941,0,10.081366348266602,0,-0.8593357205802272,0
/Users/jc/Dropbox/dplyr-tutorial-master/GSDS/lecture_jct/lecture_slides/data/hazelnut/soundData/ToyCar/test/anomaly_id_02_00000259.wav,1,0.09952679,1,10.38555450439453,0,-1.4617073480852323,0
/Users/jc/Dropbox/dplyr-tutorial-master/GSDS/lecture_jct/lecture_slides/data/hazelnut/soundData/ToyCar/test/anomaly_id_02_00000260.wav,1,0.13512048,1,11.118381309509278,0,-0.03747729051019322,0
/Users/jc/Dropbox/dplyr-tutorial-master/GSDS/lecture_jct/lecture_slides/data/hazelnut/soundData/ToyCar/test/anomaly_id_02_00000261.wav,1,0.050789654,0,7.6767354011535645,0,-0.4009831764773164,0
/Users/jc/Dropbox/dplyr-tutorial-master/GSDS/lecture_jct/lecture_slides/data/hazelnut/soundData/ToyCar/test/anomaly_id_02_00000262.wav,1,0.14156938,1,10.655990600585938,0,-1.2157012446560636,0
/Users/jc/Dropbox/dplyr-tutorial-master/GSDS/lecture_jct/lecture_slides/data/hazelnut/soundData/ToyCar/test/anomaly_id_02_00000263.wav,1,0.1191524,1,12.200744247436523,1,0.6266896259725372,1
/Users/jc/Dropbox/dplyr-tutorial-master/GSDS/lecture_jct/lecture_slides/data/hazelnut/soundData/ToyCar/test/anomaly_id_02_00000264.wav,1,0.06801914,0,8.961099815368652,0,-0.9889111891407802,0
